timestamp,ax,ay,az,gx,gy,gz
26584,-0.1303,-0.0581,-1.0063,-1.0500,-4.2700,0.9100
26627,-0.1303,-0.0581,-1.0024,-0.6300,-4.3400,0.8400
26670,-0.1298,-0.0561,-1.0024,-0.2100,-4.2000,0.7700
26713,-0.1288,-0.0551,-1.0038,-0.3500,-4.2000,0.5600
26756,-0.1308,-0.0547,-1.0043,-0.1400,-4.2000,0.4900
26799,-0.1303,-0.0586,-1.0038,-0.4900,-4.2700,0.6300
26842,-0.1293,-0.0571,-1.0024,-0.7700,-4.1300,0.7000
26885,-0.1303,-0.0547,-1.0009,-0.5600,-4.1300,0.6300
26928,-0.1279,-0.0566,-1.0024,-0.2800,-4.1300,0.6300
26971,-0.1298,-0.0581,-0.9999,-0.2100,-4.2700,0.5600
27015,-0.1322,-0.0571,-0.9994,-0.4200,-3.9900,0.6300
27059,-0.1288,-0.0571,-1.0004,-0.4200,-4.2000,0.7000
27102,-0.1283,-0.0586,-1.0019,0.0700,-4.3400,0.7000
27145,-0.1308,-0.0576,-1.0019,-0.3500,-4.2700,0.6300
27188,-0.1293,-0.0586,-1.0024,-0.4900,-4.2700,0.7000
27231,-0.1264,-0.0566,-0.9999,-0.5600,-4.3400,0.7000
27274,-0.1288,-0.0551,-1.0024,-0.5600,-4.2000,0.7700
27317,-0.1283,-0.0566,-1.0014,-0.7700,-4.3400,0.5600
27361,-0.1288,-0.0576,-1.0028,-0.9800,-4.2700,0.7700
27404,-0.1283,-0.0571,-1.0014,-0.7700,-4.1300,0.7000
27447,-0.1283,-0.0547,-1.0043,-0.6300,-4.1300,0.9100
27490,-0.1288,-0.0551,-1.0014,-0.6300,-4.2700,0.5600
27533,-0.1298,-0.0561,-1.0019,-0.7000,-4.0600,0.9100
27576,-0.1293,-0.0556,-0.9999,-0.8400,-4.2700,0.7700
27620,-0.1303,-0.0571,-1.0024,-0.4200,-4.2700,0.7000
27663,-0.1298,-0.0556,-1.0004,-0.3500,-4.2700,0.6300
27706,-0.1308,-0.0571,-1.0028,-0.4200,-4.2700,0.4900
27749,-0.1303,-0.0547,-1.0028,-0.3500,-3.9900,0.5600
27791,-0.1303,-0.0566,-1.0004,-0.1400,-4.1300,0.5600
27834,-0.1298,-0.0571,-1.0019,-0.2100,-4.1300,0.4200
27877,-0.1293,-0.0600,-1.0009,-0.4200,-4.0600,0.7700
27920,-0.1298,-0.0576,-1.0033,-0.2800,-4.2000,0.7000
27964,-0.1322,-0.0576,-1.0033,-0.6300,-4.2700,0.6300
28007,-0.1293,-0.0576,-1.0024,-0.7000,-4.1300,0.8400
28050,-0.1298,-0.0561,-1.0038,-0.4900,-4.3400,0.8400
28093,-0.1298,-0.0571,-1.0019,-0.6300,-4.2700,0.6300
28136,-0.1308,-0.0561,-1.0038,-0.7700,-3.9900,0.5600
28179,-0.1279,-0.0551,-1.0038,-0.1400,-4.3400,0.5600
28223,-0.1298,-0.0522,-1.0014,-0.4200,-4.0600,0.6300
28267,-0.1303,-0.0551,-1.0024,-0.5600,-4.1300,0.7000
28310,-0.1283,-0.0547,-1.0009,-0.7700,-4.0600,0.7700
28353,-0.1308,-0.0542,-1.0024,-0.7700,-4.2000,0.6300
28396,-0.1298,-0.0556,-1.0038,-0.5600,-3.9900,0.6300
28439,-0.1288,-0.0547,-1.0024,-0.3500,-4.1300,0.6300
28482,-0.1318,-0.0532,-1.0033,-0.7700,-4.1300,0.7700
28525,-0.1293,-0.0556,-1.0038,-0.2800,-4.0600,0.7000
28568,-0.1313,-0.0547,-1.0024,-0.4200,-4.1300,0.6300
28611,-0.1322,-0.0551,-1.0043,-0.1400,-4.0600,0.6300
28654,-0.1298,-0.0561,-1.0019,-0.6300,-4.1300,0.6300
28697,-0.1318,-0.0561,-1.0014,-0.5600,-4.1300,0.7000
28740,-0.1283,-0.0542,-1.0028,-0.6300,-4.2700,0.6300
28783,-0.1313,-0.0537,-1.0019,-0.3500,-4.1300,0.4900
28826,-0.1308,-0.0537,-1.0038,-0.2800,-4.2000,0.6300
28869,-0.1318,-0.0547,-1.0009,-0.5600,-4.1300,0.6300
28912,-0.1274,-0.0556,-1.0019,-0.4200,-4.2000,0.6300
28955,-0.1332,-0.0551,-0.9989,-0.3500,-4.2000,0.7700
28998,-0.1313,-0.0551,-0.9994,-0.4200,-4.2000,0.4900
29041,-0.1288,-0.0537,-1.0009,-0.5600,-4.2700,0.7700
29085,-0.1313,-0.0566,-1.0024,-0.7000,-4.2000,0.7000
29129,-0.1269,-0.0547,-1.0004,-0.7700,-4.2000,0.6300
29172,-0.1303,-0.0542,-1.0024,-0.7000,-3.9900,0.7700
29215,-0.1293,-0.0537,-1.0024,-0.6300,-4.1300,0.7000
29259,-0.1293,-0.0527,-1.0033,-0.3500,-4.1300,0.7000
29302,-0.1298,-0.0551,-1.0014,-0.7000,-4.0600,0.7700
29346,-0.1283,-0.0547,-1.0024,-0.1400,-4.1300,0.5600
29389,-0.1303,-0.0547,-1.0009,-0.2100,-4.2000,0.5600
29432,-0.1313,-0.0527,-1.0024,-0.9100,-4.2700,0.7700
29475,-0.1279,-0.0537,-1.0033,-0.1400,-4.2700,0.7000
29518,-0.1318,-0.0561,-1.0019,-0.9800,-3.9900,0.5600
29561,-0.1293,-0.0522,-1.0024,-0.2800,-4.1300,0.6300
29605,-0.1303,-0.0522,-1.0024,-0.3500,-4.1300,0.5600
29648,-0.1298,-0.0512,-1.0014,-0.1400,-4.2000,0.6300
29691,-0.1298,-0.0527,-1.0024,-0.2800,-4.2700,0.4900
29734,-0.1288,-0.0527,-1.0038,-0.5600,-4.2000,0.7700
29777,-0.1293,-0.0527,-1.0033,-0.3500,-4.2700,0.5600
29820,-0.1303,-0.0556,-1.0028,-0.3500,-4.3400,0.5600
29863,-0.1318,-0.0547,-1.0028,-0.5600,-4.1300,0.6300
29906,-0.1308,-0.0517,-1.0028,-0.3500,-4.1300,0.4900
29949,-0.1308,-0.0556,-1.0038,-0.2100,-4.2700,0.6300
29992,-0.1313,-0.0547,-1.0028,-0.2100,-4.1300,0.5600
30035,-0.1313,-0.0551,-1.0053,-0.9100,-4.0600,0.5600
30078,-0.1308,-0.0551,-1.0033,-0.6300,-4.1300,0.6300
30121,-0.1313,-0.0512,-1.0014,-0.7000,-4.2000,0.9100
30164,-0.1303,-0.0537,-1.0033,-0.4200,-4.1300,0.4900
30207,-0.1322,-0.0537,-1.0033,-0.9100,-4.0600,0.7700
30250,-0.1298,-0.0527,-1.0038,-0.4900,-4.2000,0.5600
30293,-0.1308,-0.0527,-1.0038,-0.4900,-3.9900,0.7000
30336,-0.1288,-0.0522,-1.0014,-0.4200,-4.1300,0.7000
30380,-0.1279,-0.0547,-1.0024,-0.7000,-4.1300,0.6300
30423,-0.1303,-0.0527,-1.0009,-0.2800,-4.2700,0.7700
30467,-0.1303,-0.0532,-1.0009,-0.4200,-4.1300,0.6300
30510,-0.1293,-0.0537,-1.0053,-0.2800,-4.1300,0.7000
30554,-0.1313,-0.0537,-1.0019,-0.4200,-4.2700,0.7000
30598,-0.1293,-0.0547,-1.0033,-0.5600,-4.2000,0.4900
30641,-0.1293,-0.0537,-1.0038,-0.3500,-4.1300,0.5600
30684,-0.1288,-0.0527,-1.0028,-0.7700,-4.0600,0.8400
30727,-0.1298,-0.0537,-1.0014,-0.4200,-4.1300,0.6300
30770,-0.1322,-0.0527,-1.0014,-0.6300,-4.2700,0.8400
30813,-0.1283,-0.0537,-1.0038,-0.4200,-4.2000,0.4900
30856,-0.1293,-0.0517,-1.0048,-0.2100,-4.0600,0.6300
30899,-0.1298,-0.0522,-1.0019,-0.0700,-3.9900,0.4900
30943,-0.1293,-0.0537,-1.0038,-0.5600,-4.2700,0.6300
30986,-0.1293,-0.0537,-0.9989,-0.4900,-4.2700,0.7700
31029,-0.1318,-0.0532,-1.0024,-0.6300,-4.1300,0.8400
31072,-0.1288,-0.0547,-1.0038,-0.4900,-4.0600,0.7700
31115,-0.1283,-0.0527,-1.0038,-0.2100,-4.0600,0.6300
31158,-0.1313,-0.0537,-1.0028,-0.3500,-4.2000,0.7000
31202,-0.1303,-0.0532,-1.0038,-0.4900,-4.3400,0.7000
31245,-0.1293,-0.0542,-1.0024,0.1400,-4.1300,0.4200
31288,-0.1313,-0.0527,-1.0043,-0.2800,-4.2700,0.9800
31331,-0.1288,-0.0542,-1.0019,-0.7700,-4.0600,0.6300
31374,-0.1288,-0.0547,-1.0038,-0.4900,-4.2000,0.7000
31416,-0.1313,-0.0522,-1.0028,-0.4900,-4.0600,0.4900
31459,-0.1283,-0.0532,-1.0028,-0.4200,-3.9900,0.6300
31502,-0.1313,-0.0527,-1.0004,-0.6300,-4.0600,0.7000
31546,-0.1303,-0.0561,-1.0028,-0.5600,-4.0600,0.7000
31589,-0.1313,-0.0542,-1.0014,-0.5600,-4.2700,0.8400
31632,-0.1288,-0.0527,-1.0033,-0.6300,-4.1300,0.7700
31675,-0.1293,-0.0532,-1.0038,-0.3500,-3.9900,0.6300
31718,-0.1298,-0.0537,-1.0033,-0.4200,-4.1300,0.6300
31761,-0.1303,-0.0537,-1.0019,-0.4900,-4.1300,0.7000
31804,-0.1303,-0.0537,-1.0019,-0.7000,-4.2700,0.9100
31848,-0.1288,-0.0532,-1.0033,-0.2800,-4.0600,0.6300
31892,-0.1293,-0.0527,-1.0033,-0.8400,-4.2700,0.7700
31935,-0.1308,-0.0527,-1.0033,-0.4200,-4.0600,0.5600
31979,-0.1293,-0.0522,-1.0024,-0.4200,-4.2000,0.7000
32022,-0.1274,-0.0517,-1.0048,-0.5600,-4.2000,0.7000
32065,-0.1303,-0.0542,-1.0033,-0.4900,-4.1300,0.7000
32108,-0.1274,-0.0532,-1.0009,-0.2800,-4.3400,0.6300
32151,-0.1293,-0.0537,-1.0024,-0.4200,-4.2000,0.7000
32194,-0.1303,-0.0522,-1.0009,-0.9100,-4.2000,0.7700
32237,-0.1283,-0.0542,-1.0024,-0.3500,-4.1300,0.5600
32280,-0.1293,-0.0532,-1.0019,-0.4900,-4.2000,0.6300
32324,-0.1318,-0.0542,-1.0014,-0.3500,-4.1300,0.6300
32367,-0.1308,-0.0527,-1.0004,-0.4900,-3.8500,0.7000
32411,-0.1274,-0.0532,-1.0024,-0.9100,-3.9200,0.7000
32455,-0.1283,-0.0508,-1.0024,-0.7000,-4.1300,0.6300
32498,-0.1288,-0.0527,-1.0019,-0.6300,-4.0600,0.7000
32541,-0.1293,-0.0517,-1.0043,-0.8400,-4.1300,0.9100
32583,-0.1293,-0.0532,-1.0019,-0.3500,-4.0600,0.7000
32626,-0.1298,-0.0498,-1.0033,-0.2100,-4.1300,0.4900
32669,-0.1298,-0.0498,-1.0024,-0.3500,-4.1300,0.8400
32712,-0.1293,-0.0517,-1.0024,-0.7700,-4.0600,0.7700
32755,-0.1293,-0.0522,-1.0028,-0.2800,-4.2000,0.6300
32799,-0.1313,-0.0522,-1.0033,-0.5600,-4.0600,0.6300
32842,-0.1293,-0.0532,-1.0033,-0.8400,-3.9900,0.9800
32885,-0.1293,-0.0503,-1.0028,-0.9100,-3.9900,0.9800
32928,-0.1298,-0.0508,-1.0043,-0.9100,-3.9900,1.6100
32971,-0.1293,-0.0522,-1.0038,-0.2100,-4.1300,0.7700
33015,-0.1303,-0.0503,-1.0019,-0.6300,-4.1300,0.5600
33058,-0.1303,-0.0508,-1.0053,-0.0700,-4.2000,0.7700
33101,-0.1298,-0.0503,-1.0033,-0.4200,-4.0600,0.6300
33144,-0.1303,-0.0493,-1.0038,0.2100,-4.2000,0.4200
33187,-0.1288,-0.0498,-1.0019,-0.1400,-4.1300,0.6300
33230,-0.1279,-0.0522,-1.0053,-0.1400,-4.3400,0.7000
33273,-0.1288,-0.0512,-1.0033,-0.5600,-4.2700,0.7700
33316,-0.1288,-0.0498,-1.0033,-0.0700,-4.2000,0.4900
33359,-0.1298,-0.0503,-1.0033,-0.4900,-4.2700,0.7000
33402,-0.1274,-0.0512,-1.0053,-0.0700,-4.3400,0.7000
33445,-0.1303,-0.0517,-1.0009,-0.4900,-4.1300,0.5600
33488,-0.1283,-0.0517,-1.0038,-0.4200,-4.2700,0.7000
33531,-0.1283,-0.0508,-1.0009,-0.3500,-4.1300,0.5600
33574,-0.1288,-0.0508,-1.0028,-0.2800,-4.2700,0.5600
33617,-0.1283,-0.0522,-1.0038,-0.6300,-3.9900,0.7000
33660,-0.1313,-0.0522,-1.0004,-0.4900,-4.1300,0.4200
33703,-0.1283,-0.0512,-1.0019,-0.7000,-4.2000,0.7000
33746,-0.1303,-0.0512,-1.0038,-0.5600,-3.9900,0.7000
33789,-0.1303,-0.0503,-1.0004,0.0000,-4.1300,0.5600
33832,-0.1303,-0.0517,-1.0024,-0.2800,-4.0600,0.6300
33875,-0.1293,-0.0508,-0.9989,-0.3500,-4.2700,0.4900
33918,-0.1308,-0.0503,-1.0004,-0.6300,-4.0600,0.7700
33961,-0.1288,-0.0517,-1.0009,-0.2800,-4.2000,0.7000
34004,-0.1293,-0.0508,-1.0024,-0.4200,-4.2000,0.4900
34047,-0.1288,-0.0508,-1.0014,-0.5600,-4.1300,0.7000
34090,-0.1298,-0.0508,-1.0038,-0.0700,-4.2700,0.4900
34133,-0.1293,-0.0512,-1.0014,-0.2800,-4.1300,0.5600
34177,-0.1303,-0.0527,-1.0033,-0.2800,-4.0600,0.7000
34220,-0.1308,-0.0527,-1.0014,-0.5600,-4.2000,0.6300
34263,-0.1293,-0.0522,-1.0024,-0.6300,-4.2000,0.7000
34306,-0.1298,-0.0503,-1.0033,-0.4900,-4.4100,0.7700
34350,-0.1288,-0.0508,-1.0043,-0.4900,-4.0600,0.6300
34393,-0.1298,-0.0532,-1.0028,-0.1400,-4.2700,0.7700
34436,-0.1298,-0.0512,-1.0028,-0.4900,-4.1300,0.6300
34479,-0.1303,-0.0522,-1.0014,-0.4200,-4.1300,0.5600
34523,-0.1283,-0.0512,-1.0033,-0.5600,-4.2000,0.7700
34566,-0.1303,-0.0527,-1.0028,-0.6300,-4.1300,0.7000
34609,-0.1283,-0.0517,-1.0028,-0.7000,-4.1300,0.7700
34652,-0.1288,-0.0498,-1.0028,-0.4900,-4.0600,0.9100
34696,-0.1303,-0.0522,-1.0024,-0.3500,-4.0600,0.6300
34740,-0.1293,-0.0498,-1.0019,-0.2800,-4.0600,0.8400
34783,-0.1293,-0.0508,-1.0009,-0.6300,-4.2000,0.7700
34826,-0.1288,-0.0503,-1.0009,-0.3500,-4.2000,0.5600
34870,-0.1293,-0.0512,-1.0033,-0.7000,-4.2700,0.7000
34914,-0.1279,-0.0498,-1.0024,-0.4900,-4.0600,0.7700
34958,-0.1313,-0.0512,-1.0014,-0.4900,-4.1300,0.6300
35000,-0.1308,-0.0498,-1.0033,-0.6300,-4.1300,0.7700
35043,-0.1274,-0.0512,-1.0024,-0.4200,-4.0600,0.7700
35086,-0.1303,-0.0527,-1.0024,-0.4900,-4.2700,0.5600
35129,-0.1288,-0.0503,-1.0028,-0.9800,-4.0600,0.5600
35172,-0.1308,-0.0493,-1.0033,-0.6300,-4.2000,0.2800
35215,-0.1279,-0.0488,-1.0004,-0.0700,-4.2700,0.3500
35258,-0.1288,-0.0512,-1.0014,-0.5600,-4.1300,0.5600
35301,-0.1318,-0.0508,-1.0019,-0.7000,-4.1300,0.7000
35344,-0.1308,-0.0483,-1.0038,-0.6300,-4.2700,0.6300
35388,-0.1288,-0.0498,-1.0024,-0.6300,-4.3400,0.7000
35432,-0.1293,-0.0508,-1.0024,-0.2100,-4.2000,0.6300
35475,-0.1288,-0.0473,-1.0014,-0.1400,-4.0600,0.3500
35518,-0.1313,-0.0488,-1.0004,-0.4200,-4.2700,0.5600
35561,-0.1279,-0.0493,-1.0024,-0.1400,-4.3400,0.5600
35604,-0.1298,-0.0478,-1.0014,-0.2800,-4.3400,0.5600
35647,-0.1308,-0.0488,-1.0028,-0.7700,-3.9900,0.7700
35690,-0.1303,-0.0503,-1.0009,0.0700,-4.2000,0.4200
35733,-0.1288,-0.0488,-1.0028,-0.4900,-3.9900,0.7000
35776,-0.1298,-0.0527,-1.0014,-0.3500,-4.1300,0.6300
35819,-0.1293,-0.0508,-1.0024,-0.7000,-4.1300,0.7000
35862,-0.1283,-0.0488,-1.0038,-0.5600,-4.3400,0.6300
35905,-0.1288,-0.0508,-1.0028,-0.4900,-4.2000,0.6300
35948,-0.1303,-0.0498,-1.0004,-0.6300,-4.2000,0.7700
35992,-0.1279,-0.0493,-1.0019,-0.3500,-3.9900,0.4900
36035,-0.1337,-0.0483,-1.0038,-0.5600,-4.1300,0.7000
36079,-0.1279,-0.0493,-1.0048,-0.5600,-4.2700,0.6300
36122,-0.1298,-0.0508,-1.0019,-0.1400,-4.1300,0.4200
36166,-0.1279,-0.0488,-1.0019,-0.4900,-4.2700,0.5600
36208,-0.1283,-0.0508,-1.0028,-0.2100,-4.1300,0.4900
36251,-0.1308,-0.0508,-1.0028,-0.3500,-4.2000,0.5600
36294,-0.1293,-0.0498,-1.0058,-0.4900,-4.1300,0.6300
36337,-0.1303,-0.0493,-1.0004,-0.4200,-4.2700,0.7700
36380,-0.1274,-0.0498,-1.0019,-0.2800,-4.2700,0.6300
36423,-0.1313,-0.0498,-1.0019,-0.5600,-4.0600,0.0000
36466,-0.1293,-0.0503,-1.0024,-0.4900,-4.2000,0.6300
36509,-0.1298,-0.0503,-1.0014,-0.4900,-3.9900,0.6300
36552,-0.1283,-0.0508,-1.0024,-0.0700,-4.2700,0.7000
36595,-0.1288,-0.0473,-0.9994,0.1400,-4.2000,0.4900
36638,-0.1293,-0.0508,-1.0038,-0.4200,-4.2000,0.6300
36682,-0.1293,-0.0498,-1.0004,-0.1400,-4.2000,0.4900
36726,-0.1288,-0.0512,-1.0019,-0.8400,-4.0600,0.6300
36769,-0.1303,-0.0493,-1.0004,-0.4200,-4.1300,0.6300
36813,-0.1293,-0.0503,-1.0028,-0.2800,-4.2000,0.7000
36856,-0.1303,-0.0503,-1.0009,-0.3500,-4.0600,0.6300
36899,-0.1313,-0.0498,-1.0024,-0.4900,-4.2000,0.6300
36942,-0.1279,-0.0527,-1.0038,-0.2100,-4.1300,0.6300
36985,-0.1298,-0.0498,-1.0009,-0.5600,-4.0600,0.4900
37028,-0.1279,-0.0503,-1.0048,-0.4200,-4.0600,0.7000
37071,-0.1298,-0.0493,-0.9994,-0.3500,-4.2700,0.7700
37114,-0.1298,-0.0478,-1.0024,-0.4200,-4.2700,0.2800
37157,-0.1293,-0.0503,-1.0014,-0.2100,-4.1300,0.5600
37201,-0.1288,-0.0512,-1.0043,-0.0700,-4.2000,0.6300
37245,-0.1283,-0.0522,-1.0028,-0.4900,-4.2700,0.7000
37288,-0.1283,-0.0493,-1.0048,-0.2800,-4.1300,0.7700
37331,-0.1288,-0.0493,-1.0004,-0.2800,-4.0600,0.6300
37375,-0.1288,-0.0508,-1.0043,-0.4200,-4.1300,0.7700
37418,-0.1303,-0.0508,-1.0038,-0.2800,-4.1300,0.6300
37462,-0.1313,-0.0498,-1.0024,-0.5600,-4.2000,0.6300
37505,-0.1298,-0.0498,-1.0043,-0.3500,-4.0600,0.5600
37549,-0.1303,-0.0503,-1.0028,-0.4900,-4.2000,0.6300
37592,-0.1308,-0.0503,-1.0019,-0.7000,-4.2700,0.7700
37635,-0.1288,-0.0522,-1.0038,-0.2800,-4.2700,0.5600
37678,-0.1288,-0.0517,-1.0048,-0.3500,-4.2000,0.7700
37721,-0.1298,-0.0488,-1.0014,-0.4900,-4.2000,0.4900
37765,-0.1303,-0.0508,-1.0009,-0.2100,-4.1300,0.6300
37808,-0.1279,-0.0508,-1.0028,-0.7000,-4.2000,0.8400
37851,-0.1298,-0.0512,-1.0019,-0.5600,-4.3400,0.5600
37895,-0.1298,-0.0512,-1.0019,-0.4200,-3.9900,0.7700
37938,-0.1288,-0.0508,-1.0014,-0.5600,-4.1300,0.7000
37981,-0.1279,-0.0503,-1.0028,-0.7700,-4.2000,0.6300
38024,-0.1269,-0.0508,-1.0028,-0.2100,-4.2000,0.5600
38067,-0.1298,-0.0488,-1.0028,-0.9100,-4.1300,0.5600
38110,-0.1279,-0.0503,-1.0033,-0.3500,-4.2000,0.5600
38154,-0.1303,-0.0508,-1.0014,-0.7700,-4.2000,0.7000
38197,-0.1293,-0.0508,-1.0038,-0.3500,-4.1300,0.4200
38240,-0.1288,-0.0512,-1.0019,-0.4900,-4.1300,0.7000
38283,-0.1293,-0.0508,-1.0014,-0.4200,-4.2000,0.7000
38326,-0.1308,-0.0512,-1.0014,-0.3500,-4.1300,0.4900
38369,-0.1293,-0.0512,-1.0028,-0.4200,-4.1300,0.7000
38412,-0.1293,-0.0508,-1.0019,-0.2800,-4.1300,0.5600
38455,-0.1313,-0.0503,-1.0004,-0.2800,-4.0600,0.7000
38498,-0.1293,-0.0508,-1.0004,-0.8400,-3.9900,0.5600
38541,-0.1293,-0.0517,-1.0019,-0.4200,-4.0600,0.5600
38583,-0.1308,-0.0542,-1.0033,-0.4900,-4.1300,0.7000
38626,-0.1269,-0.0517,-1.0028,-0.4200,-4.1300,0.6300
38669,-0.1308,-0.0498,-1.0024,-0.2800,-4.1300,0.7700
38712,-0.1303,-0.0512,-1.0019,-0.4200,-3.9900,0.6300
38755,-0.1274,-0.0508,-1.0028,-0.5600,-4.1300,0.5600
38798,-0.1327,-0.0512,-0.9999,-0.5600,-4.2000,0.9100
38841,-0.0005,-0.0517,-1.0072,-0.3500,-3.9900,0.5600
38885,-0.1288,-0.0493,-1.0019,-0.6300,-4.2000,0.6300
38929,-0.1274,-0.0498,-1.0033,-0.5600,-4.2000,0.7000
38972,-0.1293,-0.0517,-1.0024,0.0700,-4.2000,0.4900
39015,-0.1274,-0.0498,-1.0038,-0.2800,-4.3400,0.7000
39058,-0.1303,-0.0498,-1.0033,-0.2100,-4.2000,0.6300
39102,-0.1279,-0.0512,-1.0024,-0.1400,-4.0600,0.5600
39145,-0.1322,-0.0488,-1.0004,-0.6300,-4.1300,0.6300
39188,-0.1293,-0.0508,-1.0053,-0.4900,-4.2000,0.7700
39231,-0.1308,-0.0498,-0.9999,-0.6300,-4.2700,0.7000
39274,-0.1288,-0.0503,-1.0043,-0.8400,-4.3400,0.9100
39317,-0.1308,-0.0488,-1.0033,-0.5600,-4.0600,0.7700
39360,-0.1269,-0.0517,-1.0033,-0.1400,-4.0600,0.7700
39403,-0.1298,-0.0508,-1.0038,-0.2800,-4.2700,0.7000
39446,-0.1283,-0.0503,-1.0043,-0.3500,-4.1300,0.6300
39489,-0.1279,-0.0512,-0.9999,-0.2800,-4.1300,0.6300
39532,-0.1288,-0.0522,-1.0053,-0.4200,-4.1300,0.6300
39575,-0.1283,-0.0503,-1.0038,-0.2100,-4.2000,0.7700
39618,-0.1288,-0.0512,-1.0038,-0.6300,-4.1300,0.7700
39661,-0.1288,-0.0512,-1.0038,-0.3500,-4.1300,0.5600
39704,-0.1303,-0.0503,-1.0028,-0.7700,-4.0600,0.5600
39747,-0.1313,-0.0478,-1.0033,-0.4900,-4.2700,0.5600
39790,-0.1293,-0.0517,-0.9999,-0.4200,-4.1300,0.7000
39833,-0.1283,-0.0493,-1.0024,-0.2100,-4.1300,0.6300
39875,-0.1327,-0.0493,-1.0009,-0.3500,-4.2000,0.6300
39918,-0.1303,-0.0503,-1.0028,-0.1400,-4.1300,0.6300
39961,-0.1293,-0.0508,-1.0038,-0.3500,-4.0600,0.6300
40004,-0.1303,-0.0512,-1.0019,-0.3500,-4.2700,0.5600
40047,-0.1269,-0.0503,-1.0009,0.0000,-4.2000,0.5600
40090,-0.1298,-0.0488,-1.0009,-0.0700,-4.1300,0.6300
40133,-0.1283,-0.0503,-0.9984,-0.4900,-4.2700,0.6300
40177,-0.1298,-0.0508,-1.0028,-0.2100,-4.1300,0.7700
40221,-0.1293,-0.0503,-1.0028,-0.5600,-4.2000,0.8400
40265,-0.1303,-0.0512,-1.0014,-0.2100,-4.2700,0.4900
40309,-0.1283,-0.0508,-1.0024,-0.6300,-4.2700,0.7700
40352,-0.1269,-0.0498,-1.0033,-0.4900,-4.2000,0.6300
40395,-0.1288,-0.0473,-1.0024,-0.5600,-4.1300,0.7000
40438,-0.1298,-0.0503,-1.0028,-0.6300,-4.2000,0.6300
40481,-0.1279,-0.0527,-1.0028,-0.8400,-4.0600,0.7000
40524,-0.1298,-0.0478,-1.0033,-0.3500,-4.2700,0.6300
40568,-0.1283,-0.0522,-1.0019,-0.4900,-4.1300,0.5600
40611,-0.1283,-0.0483,-1.0028,-0.6300,-4.2700,0.7700
40655,-0.1303,-0.0498,-0.9999,-0.3500,-4.1300,0.8400
40698,-0.1279,-0.0503,-0.9999,-0.2800,-4.1300,0.5600
40741,-0.1298,-0.0503,-1.0033,-0.5600,-4.2700,0.6300
40784,-0.1288,-0.0483,-0.9999,-0.2800,-4.2000,0.5600
40827,-0.1303,-0.0498,-1.0019,-0.3500,-4.2000,0.7700
40870,-0.1293,-0.0517,-1.0038,-0.4900,-4.0600,0.7700
40913,-0.1288,-0.0478,-1.0028,-0.4900,-4.2000,0.6300
40956,-0.1274,-0.0488,-1.0033,-0.4900,-4.1300,0.7700
40999,-0.1279,-0.0508,-1.0043,-0.4200,-4.1300,0.7000
41041,-0.1283,-0.0493,-1.0024,-0.4900,-4.2000,0.7000
41085,-0.1288,-0.0483,-1.0043,-0.5600,-4.2700,0.7000
41128,-0.1293,-0.0468,-1.0014,-0.6300,-4.1300,0.7700
41172,-0.1274,-0.0503,-1.0043,-0.7700,-4.1300,0.7700
41215,-0.1293,-0.0508,-1.0009,-0.2800,-4.1300,0.4900
41258,-0.1279,-0.0488,-1.0009,-0.4900,-4.2000,0.5600
41301,-0.1293,-0.0512,-1.0024,0.1400,-4.0600,0.4900
41344,-0.1293,-0.0488,-1.0014,-0.2100,-4.1300,0.6300
41387,-0.1274,-0.0493,-1.0043,-0.4900,-4.1300,0.4900
41430,-0.1283,-0.0537,-1.0043,-0.2800,-4.0600,0.7000
41473,-0.1288,-0.0503,-1.0043,-0.2100,-4.1300,0.5600
41516,-0.1298,-0.0498,-1.0009,-0.2800,-4.2000,0.4900
41559,-0.1264,-0.0503,-1.0014,-0.0700,-4.0600,0.3500
41602,-0.1279,-0.0532,-1.0024,-0.2800,-4.0600,0.6300
41645,-0.1298,-0.0508,-1.0024,-0.7000,-4.2000,0.8400
41688,-0.1288,-0.0503,-1.0019,-0.4200,-4.1300,0.4900
41731,-0.1303,-0.0488,-1.0004,-0.5600,-4.1300,0.6300
41774,-0.1288,-0.0503,-0.9994,-0.6300,-4.3400,0.7700
41817,-0.1283,-0.0493,-1.0028,-0.2100,-4.1300,0.7700
41860,-0.1293,-0.0532,-0.9999,-0.8400,-4.2700,0.8400
41903,-0.1279,-0.0473,-1.0043,-0.6300,-4.2000,0.6300
41946,-0.1308,-0.0493,-1.0028,0.0000,-4.0600,0.5600
41989,-0.1269,-0.0503,-1.0024,-0.2100,-4.0600,0.4200
42032,-0.1288,-0.0493,-1.0024,-0.3500,-4.2000,0.4900
42075,-0.1274,-0.0493,-1.0038,-0.5600,-4.1300,0.7700
42118,-0.1303,-0.0503,-1.0014,-0.2100,-4.2700,0.7700
42161,-0.1279,-0.0517,-1.0009,-0.4200,-4.0600,0.8400
42204,-0.1298,-0.0512,-1.0014,-0.2800,-4.2700,0.9100
42248,-0.1274,-0.0508,-1.0024,-0.3500,-4.2000,0.4900
42291,-0.1303,-0.0508,-1.0048,-0.0700,-4.1300,0.4900
42333,-0.1298,-0.0517,-1.0019,-0.2800,-3.9200,0.7000
42377,-0.1288,-0.0493,-1.0043,-0.4900,-4.2700,0.5600
42420,-0.1293,-0.0517,-1.0033,-0.3500,-4.2000,0.4900
42464,-0.1288,-0.0503,-1.0038,-0.4200,-4.1300,0.7000
42507,-0.1308,-0.0498,-1.0033,-0.3500,-4.1300,0.7700
42550,-0.1303,-0.0503,-1.0043,-0.6300,-4.0600,0.6300
42593,-0.1327,-0.0522,-1.0014,-0.6300,-4.0600,0.6300
42636,-0.1293,-0.0508,-1.0033,-0.3500,-4.2000,0.6300
42679,-0.1308,-0.0498,-1.0038,-0.7000,-4.0600,0.5600
42722,-0.1283,-0.0527,-1.0038,-0.4900,-4.1300,0.8400
42765,-0.1288,-0.0522,-1.0038,-0.4200,-4.1300,0.4900
42808,-0.1288,-0.0493,-1.0019,-0.1400,-4.2700,0.4900
42851,-0.1313,-0.0493,-1.0014,-0.6300,-4.1300,0.6300
42894,-0.1283,-0.0498,-1.0019,-0.5600,-4.1300,0.7700
42937,-0.1283,-0.0488,-1.0024,-0.7000,-4.1300,0.6300
42980,-0.1303,-0.0483,-1.0038,-0.2100,-4.2000,0.4900
43023,-0.1279,-0.0517,-1.0009,-0.6300,-4.0600,0.7700
43066,-0.1293,-0.0503,-1.0043,-0.3500,-3.9900,0.6300
43109,-0.1293,-0.0498,-1.0019,-0.2100,-4.1300,0.5600
43152,-0.1283,-0.0503,-1.0043,-0.7000,-4.2000,0.6300
43195,-0.1293,-0.0512,-1.0019,-0.2800,-4.1300,0.4900
43238,-0.1293,-0.0503,-1.0024,-0.4200,-4.0600,0.7700
43281,-0.1279,-0.0498,-1.0028,-0.4900,-3.9900,0.6300
43324,-0.1288,-0.0493,-1.0043,-0.3500,-4.1300,0.6300
43367,-0.1279,-0.0488,-1.0009,-0.3500,-3.9900,0.7000
43410,-0.1293,-0.0503,-1.0033,-0.1400,-4.0600,0.6300
43453,-0.1298,-0.0527,-1.0028,-0.4900,-4.2700,0.7000
43496,-0.1288,-0.0493,-1.0033,-0.4200,-4.3400,0.5600
43539,-0.1298,-0.0508,-1.0028,-0.5600,-4.2700,0.7000
43582,-0.1293,-0.0498,-1.0019,0.0000,-4.2000,0.5600
43625,-0.1279,-0.0508,-1.0033,-0.3500,-4.1300,0.7000
43667,-0.1288,-0.0522,-1.0014,-0.4200,-4.2700,0.7700
43710,-0.1303,-0.0503,-1.0009,-0.4900,-4.1300,0.7700
43753,-0.1303,-0.0508,-1.0009,-0.5600,-4.2700,0.6300
43796,-0.1279,-0.0503,-1.0024,-0.3500,-4.1300,0.5600
43840,-0.1288,-0.0512,-0.9999,-0.2100,-4.2000,0.7000
43883,-0.1283,-0.0488,-1.0048,-0.2800,-4.2000,0.4200
43926,-0.1298,-0.0522,-1.0019,-0.0700,-4.2000,0.4200
43969,-0.1283,-0.0503,-1.0043,-0.5600,-4.1300,0.5600
44013,-0.1283,-0.0498,-1.0009,-0.1400,-4.2000,0.4200
44057,-0.1303,-0.0503,-1.0019,-0.4900,-4.2000,0.5600
44100,-0.1274,-0.0517,-1.0048,-0.2100,-4.2000,0.7000
44143,-0.1327,-0.0508,-1.0014,-0.4900,-4.2000,0.7000
44186,-0.1288,-0.0508,-1.0053,-0.5600,-4.1300,0.7000
44229,-0.1332,-0.0488,-0.9999,-0.0700,-4.1300,0.9100
44273,-0.1244,-0.0542,-1.0063,-1.0500,-4.0600,0.8400
44316,-0.1347,-0.0498,-0.9970,-0.4200,-4.2000,0.6300
44359,-0.1269,-0.0493,-1.0077,-0.2100,-4.1300,0.5600
44402,-0.1288,-0.0508,-1.0024,0.2800,-4.2000,0.6300
44445,-0.1264,-0.0517,-1.0038,-0.7700,-4.1300,0.7000
44488,-0.1298,-0.0498,-1.0009,-0.3500,-4.1300,0.4200
44531,-0.1293,-0.0512,-1.0033,-0.4200,-4.1300,0.5600
44574,-0.1283,-0.0508,-1.0028,-0.2100,-4.0600,0.6300
44617,-0.1327,-0.0503,-1.0004,-0.2100,-4.2000,0.4900
44660,-0.1293,-0.0503,-1.0048,-0.3500,-4.2000,0.5600
44703,-0.1308,-0.0522,-1.0009,-0.4900,-4.1300,0.7000
44746,-0.1274,-0.0498,-1.0038,-0.0700,-4.1300,0.4200
44789,-0.1303,-0.0508,-1.0004,-0.6300,-4.2000,0.7000
44832,-0.1308,-0.0503,-1.0063,-0.5600,-4.1300,0.5600
44875,-0.1274,-0.0503,-1.0028,-0.7700,-4.0600,0.9100
44917,-0.1283,-0.0493,-1.0028,-0.2100,-4.2000,0.5600
44960,-0.1298,-0.0522,-1.0024,-0.6300,-4.1300,0.5600
45004,-0.1279,-0.0508,-1.0024,-0.4200,-4.2000,0.6300
45047,-0.1283,-0.0517,-1.0014,-0.3500,-4.1300,0.5600
45090,-0.1274,-0.0512,-1.0043,-0.1400,-4.1300,0.6300
45133,-0.1298,-0.0508,-1.0009,-0.3500,-4.1300,0.7700
45176,-0.1308,-0.0517,-1.0028,-0.6300,-4.1300,0.5600
45219,-0.1293,-0.0493,-1.0024,-0.2800,-4.0600,0.7000
45262,-0.1288,-0.0498,-1.0038,-0.3500,-4.0600,0.4900
45306,-0.1298,-0.0498,-1.0009,-0.2100,-3.9200,0.7000
45349,-0.1288,-0.0503,-1.0009,-0.0700,-3.9200,0.6300
45392,-0.1279,-0.0517,-1.0038,-0.2800,-4.1300,0.7000
45435,-0.1293,-0.0532,-1.0024,-0.2800,-4.1300,0.7700
45478,-0.1279,-0.0512,-1.0024,-0.3500,-4.0600,0.5600
45521,-0.1303,-0.0503,-1.0014,-0.5600,-4.1300,0.7000
45565,-0.1293,-0.0503,-1.0009,-0.7000,-4.2000,0.6300
45608,-0.1298,-0.0503,-1.0014,-0.6300,-4.2000,0.6300
45651,-0.1279,-0.0532,-1.0033,-0.4200,-4.2000,0.6300
45694,-0.1288,-0.0488,-1.0028,-0.2100,-4.1300,0.4900
45737,-0.1293,-0.0493,-1.0033,-0.2800,-4.3400,0.6300
45780,-0.1293,-0.0503,-1.0014,-0.4200,-4.0600,0.7000
45824,-0.1298,-0.0508,-1.0024,-0.2100,-4.2700,0.7000
45868,-0.1293,-0.0498,-1.0019,-0.5600,-4.1300,0.4200
45912,-0.1293,-0.0517,-1.0038,-0.3500,-3.9900,0.6300
45955,-0.1298,-0.0488,-1.0028,-0.4200,-4.1300,0.6300
45998,-0.1269,-0.0508,-1.0043,-0.2100,-4.1300,0.5600
46041,-0.1283,-0.0512,-1.0038,-0.2800,-4.2700,0.6300
46083,-0.1274,-0.0517,-1.0004,-0.2800,-4.1300,0.8400
46126,-0.1313,-0.0508,-1.0024,0.0700,-4.2700,0.6300
46169,-0.1283,-0.0512,-1.0033,-0.4200,-4.2000,0.6300
46212,-0.1279,-0.0483,-1.0014,-0.7000,-4.1300,0.7000
46255,-0.1327,-0.0522,-1.0019,-0.5600,-4.0600,0.8400
46299,-0.1279,-0.0537,-1.0004,-0.1400,-4.1300,0.5600
46342,-0.1293,-0.0522,-1.0028,-0.4900,-4.2000,0.8400
46386,-0.1298,-0.0522,-0.9994,-0.5600,-4.1300,0.5600
46430,-0.1288,-0.0532,-1.0038,0.0000,-4.0600,0.5600
46473,-0.1303,-0.0512,-1.0004,-0.0700,-4.1300,0.5600
46516,-0.1283,-0.0522,-1.0019,-0.2100,-3.9900,0.5600
46559,-0.1288,-0.0522,-1.0014,-0.2100,-4.1300,0.7700
46602,-0.1308,-0.0508,-1.0019,-0.4200,-4.2000,0.6300
46646,-0.1274,-0.0522,-1.0028,-0.4200,-4.0600,0.7700
46690,-0.1279,-0.0512,-1.0033,-0.2800,-4.1300,0.5600
46733,-0.1298,-0.0508,-1.0014,-0.3500,-4.2000,0.3500
46776,-0.1303,-0.0517,-1.0028,0.0700,-4.2000,0.4900
46819,-0.1308,-0.0522,-1.0038,-17.9200,-3.9900,0.5600
46862,-0.1298,-0.0537,-1.0048,-0.2800,-4.1300,0.4900
46905,-0.1293,-0.0512,-1.0048,-0.5600,-4.3400,0.6300
46948,-0.1279,-0.0537,-1.0028,-0.3500,-4.1300,0.7000
46991,-0.1298,-0.0542,-1.0019,-0.6300,-4.2000,0.5600
47034,-0.1308,-0.0517,-1.0028,-0.4900,-4.1300,0.6300
47077,-0.1308,-0.0517,-1.0033,-0.4900,-4.2000,0.6300
47120,-0.1279,-0.0537,-1.0043,-0.2800,-4.1300,0.7700
47164,-0.1293,-0.0512,-1.0043,-0.2800,-4.1300,0.7000
47207,-0.1308,-0.0503,-1.0028,-0.5600,-4.2000,0.7000
47250,-0.1274,-0.0512,-1.0024,-0.4900,-4.2000,0.7000
47293,-0.1313,-0.0508,-1.0024,-0.2800,-4.2700,0.6300
47336,-0.1298,-0.0503,-1.0028,-0.3500,-4.0600,0.4900
47379,-0.1298,-0.0508,-0.9999,-0.2100,-4.2000,0.5600
47423,-0.1293,-0.0512,-1.0033,-0.5600,-4.0600,0.6300
47466,-0.1283,-0.0503,-1.0028,-0.2800,-4.1300,0.6300
47509,-0.1293,-0.0532,-1.0038,-0.9800,-4.1300,0.6300
47552,-0.1303,-0.0517,-1.0028,-0.2100,-4.2000,0.4200
47595,-0.1283,-0.0537,-0.9994,-0.5600,-4.3400,0.7700
47638,-0.1283,-0.0512,-1.0014,-0.6300,-4.0600,0.7000
47681,-0.1293,-0.0522,-1.0024,-0.3500,-4.2000,0.4200
47724,-0.1308,-0.0512,-1.0019,-0.0700,-4.0600,0.6300
47767,-0.1298,-0.0517,-1.0024,-0.7700,-4.0600,0.6300
47810,-0.1298,-0.0537,-1.0014,-0.6300,-4.1300,0.6300
47853,-0.1283,-0.0512,-1.0048,-0.7000,-4.1300,0.7000
47896,-0.1313,-0.0517,-1.0019,-0.2100,-4.0600,0.6300
47939,-0.1283,-0.0512,-1.0033,-0.4900,-4.1300,0.7000
47982,-0.1288,-0.0493,-1.0028,-0.4200,-4.1300,0.7000
48026,-0.1288,-0.0527,-1.0024,-0.7700,-4.1300,0.6300
48069,-0.1293,-0.0512,-1.0038,-0.5600,-4.0600,0.6300
48112,-0.1283,-0.0493,-1.0024,-0.2100,-4.2000,0.6300
48155,-0.1288,-0.0498,-1.0014,-0.5600,-4.0600,0.7700
48199,-0.1293,-0.0512,-1.0004,-0.3500,-4.1300,0.7000
48242,-0.1308,-0.0508,-1.0063,-0.1400,-4.1300,0.5600
48285,-0.1308,-0.0498,-1.0043,-0.4900,-4.0600,0.5600
48328,-0.1308,-0.0517,-1.0028,-0.3500,-4.1300,0.7000
48372,-0.1303,-0.0522,-1.0038,-0.5600,-4.2000,0.4900
48415,-0.1293,-0.0503,-1.0033,-0.4900,-3.9900,0.7700
48458,-0.1259,-0.0508,-1.0004,-0.5600,-4.2700,0.4900
48500,-0.1308,-0.0498,-1.0043,-0.2100,-4.0600,0.5600
48543,-0.1298,-0.0517,-1.0028,-0.1400,-4.2000,0.6300
48586,-0.1283,-0.0503,-1.0024,-0.5600,-4.1300,0.6300
48629,-0.1298,-0.0508,-1.0033,-0.2100,-3.9200,0.4900
48672,-0.1308,-0.0498,-1.0004,-0.6300,-4.0600,0.8400
48715,-0.1279,-0.0508,-1.0033,-0.1400,-4.2000,0.5600
48758,-0.1293,-0.0503,-1.0033,-0.4200,-4.3400,0.6300
48801,-0.1288,-0.0508,-0.9999,-0.4200,-4.2700,0.6300
48845,-0.1293,-0.0517,-1.0019,-0.5600,-4.3400,0.6300
48889,-0.1288,-0.0508,-1.0024,-0.4200,-4.1300,0.6300
48932,-0.1274,-0.0508,-1.0024,-0.4200,-4.2000,0.5600
48975,-0.1303,-0.0512,-1.0024,-0.7700,-4.1300,0.7000
49018,-0.1298,-0.0512,-0.9984,-0.3500,-4.2700,0.5600
49061,-0.1288,-0.0532,-1.0009,-0.5600,-4.1300,0.8400
49104,-0.1279,-0.0527,-0.9999,0.0700,-4.2000,0.5600
49147,-0.1298,-0.0503,-1.0019,-0.3500,-4.2000,0.6300
49191,-0.1283,-0.0517,-1.0024,-0.2100,-4.2000,0.8400
49234,-0.1303,-0.0517,-1.0024,-0.4200,-4.2700,0.6300
49277,-0.1288,-0.0517,-1.0004,-0.4900,-4.2000,0.6300
49320,-0.1279,-0.0512,-1.0019,-0.3500,-4.1300,0.7700
49363,-0.1274,-0.0498,-1.0024,-0.2800,-4.0600,0.5600
49407,-0.1293,-0.0508,-1.0009,-0.2100,-4.1300,0.5600
49451,-0.1313,-0.0503,-1.0009,-0.2100,-4.0600,0.5600
49495,-0.1303,-0.0493,-1.0028,0.0000,-4.0600,0.5600
49538,-0.1279,-0.0517,-1.0019,-0.6300,-4.0600,0.8400
49581,-0.1274,-0.0532,-1.0024,-0.3500,-4.2000,0.7700
49624,-0.1303,-0.0517,-1.0038,-0.2800,-4.0600,0.4900
49666,-0.1288,-0.0503,-1.0024,-0.7000,-4.2000,0.7000
49710,-0.1293,-0.0517,-1.0009,-0.4900,-4.0600,0.4900
49753,-0.1298,-0.0508,-1.0019,-0.4200,-4.1300,0.7000
49796,-0.1288,-0.0522,-1.0009,-0.1400,-4.0600,0.6300
49839,-0.1298,-0.0522,-1.0028,-0.4900,-4.2000,0.7000
49882,-0.1293,-0.0512,-1.0009,-0.2800,-4.0600,0.5600
49925,-0.1313,-0.0547,-1.0014,-0.6300,-4.1300,0.9100
49969,-0.1303,-0.0512,-1.0033,-0.2100,-4.2000,0.6300
50012,-0.1308,-0.0532,-1.0033,-0.4200,-4.2000,0.5600
50055,-0.1274,-0.0512,-1.0024,-0.5600,-4.1300,0.4900
50099,-0.1303,-0.0522,-1.0028,-0.4900,-4.1300,0.7700
50142,-0.1288,-0.0498,-1.0033,-0.4900,-3.9900,0.7000
50185,-0.1288,-0.0522,-1.0033,-0.3500,-4.0600,0.6300
50229,-0.1318,-0.0503,-1.0033,-1.1900,-4.1300,0.7000
50272,-0.1322,-0.0517,-1.0019,-0.4200,-4.0600,0.7700
50315,-0.1332,-0.0493,-1.0014,-0.7000,-4.0600,0.7700
50359,-0.1274,-0.0512,-1.0028,-0.4200,-4.2700,0.7000
50402,-0.1283,-0.0508,-1.0009,-0.2800,-4.1300,0.7000
50445,-0.1293,-0.0512,-1.0019,-0.4900,-4.1300,0.8400
50488,-0.1283,-0.0508,-1.0009,-0.4200,-3.9900,0.6300
50531,-0.1298,-0.0512,-1.0019,-0.3500,-4.1300,0.6300
50574,-0.1293,-0.0522,-1.0004,-0.2800,-4.2000,0.4900
50617,-0.1308,-0.0517,-1.0028,-0.3500,-4.0600,0.6300
50661,-0.1274,-0.0512,-1.0019,-0.2800,-4.2700,0.5600
50704,-0.1308,-0.0527,-1.0019,-0.2100,-4.1300,0.5600
50747,-0.1274,-0.0508,-1.0048,-0.1400,-4.1300,0.5600
50790,-0.1288,-0.0517,-1.0024,-0.6300,-4.1300,0.7700
50833,-0.1308,-0.0493,-0.9994,-0.3500,-4.0600,0.6300
50876,-0.1235,-0.0517,-1.0053,-0.2800,-4.2000,0.6300
50919,-0.1342,-0.0532,-0.9970,-0.5600,-4.2000,0.8400
50963,-0.1283,-0.0508,-1.0092,-0.3500,-4.0600,0.4900
51006,-0.1279,-0.0493,-1.0009,-0.2100,-4.0600,0.5600
51049,-0.1293,-0.0488,-1.0014,-0.8400,-4.2700,0.4900
51093,-0.1288,-0.0512,-1.0024,-0.3500,-4.0600,0.4900
51136,-0.1303,-0.0503,-1.0024,-0.2100,-3.9900,0.6300
51180,-0.1288,-0.0517,-1.0033,-0.4200,-4.0600,0.6300
51224,-0.1303,-0.0503,-1.0024,-0.3500,-4.3400,0.7000
51267,-0.1283,-0.0517,-1.0014,-0.2800,-4.1300,0.4200
51310,-0.1298,-0.0522,-1.0024,-0.7000,-4.1300,0.9100
51354,-0.1298,-0.0512,-1.0024,-0.4200,-4.2000,0.6300
51397,-0.1279,-0.0483,-1.0028,-0.4900,-4.0600,0.7000
51441,-0.1283,-0.0512,-1.0014,-0.2800,-4.2700,0.6300
51484,-0.1288,-0.0508,-1.0038,-0.9800,-4.0600,0.8400
51527,-0.1293,-0.0493,-1.0014,-0.2800,-4.1300,0.6300
51570,-0.1293,-0.0508,-1.0014,-0.5600,-4.2700,0.7000
51613,-0.1288,-0.0488,-0.8769,-0.2800,-4.1300,0.5600
51657,-0.1293,-0.0508,-1.0004,-0.7000,-4.2700,0.7700
51700,-0.1283,-0.0508,-1.0024,-0.4900,-4.2000,0.8400
51743,-0.1303,-0.0508,-1.0014,-0.4200,-3.9900,0.6300
51787,-0.1259,-0.0488,-1.0033,-0.3500,-4.2000,0.6300
51830,-0.1274,-0.0498,-1.0014,-0.1400,-4.2000,0.6300
51873,-0.1283,-0.0517,-1.0019,0.0700,-4.0600,0.6300
51916,-0.1288,-0.0498,-1.0024,-0.3500,-4.2000,0.7000
51958,-0.1283,-0.0517,-1.0028,-0.2100,-4.0600,0.4200
52001,-0.1308,-0.0508,-1.0014,-0.4200,-4.1300,0.7000
52044,-0.1288,-0.0508,-1.0033,-0.5600,-4.2000,0.4900
52087,-0.1293,-0.0508,-1.0028,-0.4900,-4.2000,0.7700
52130,-0.1308,-0.0498,-1.0019,-0.0700,-4.0600,0.7000
52173,-0.1283,-0.0517,-1.0024,-0.4900,-4.2000,0.8400
52216,-0.1298,-0.0522,-1.0009,-0.3500,-4.2700,0.5600
52259,-0.1308,-0.0522,-1.0019,-0.4200,-4.3400,0.7000
52302,-0.1288,-0.0508,-1.0019,-0.2100,-4.1300,0.3500
52345,-0.1293,-0.0498,-1.0014,-0.3500,-4.0600,0.7000
52388,-0.1293,-0.0512,-1.0038,-0.2100,-4.0600,0.7000
52431,-0.1288,-0.0508,-1.0004,-0.0700,-4.1300,0.4900
52475,-0.1288,-0.0517,-1.0024,-0.6300,-4.1300,0.7700
52518,-0.1274,-0.0488,-1.0024,-0.1400,-4.1300,0.6300
52561,-0.1269,-0.0503,-1.0019,-0.3500,-4.2700,0.5600
52605,-0.1274,-0.0537,-1.0038,-0.2100,-4.1300,0.5600
52648,-0.1298,-0.0493,-1.0033,-0.1400,-3.9900,0.4900
52691,-0.1298,-0.0503,-1.0033,-0.4200,-4.1300,0.6300
52734,-0.1298,-0.0503,-1.0033,-0.2100,-4.0600,0.5600
52778,-0.1303,-0.0512,-1.0019,-0.2800,-4.2000,0.5600
52821,-0.1288,-0.0522,-1.0033,-0.3500,-4.2700,0.7700
52864,-0.1279,-0.0512,-1.0019,-0.2100,-4.2000,0.5600
52907,-0.1283,-0.0512,-1.0028,-0.4200,-4.2000,0.7000
52950,-0.1308,-0.0522,-1.0024,-0.2800,-4.2000,0.4900
52993,-0.1288,-0.0512,-1.0014,-0.8400,-4.2000,0.7700
53037,-0.1298,-0.0522,-1.0019,-0.0700,-4.2000,0.5600
53080,-0.1308,-0.0488,-1.0038,-0.7700,-4.0600,0.7700
53123,-0.1298,-0.0522,-1.0009,-0.4900,-4.2700,0.5600
53166,-0.1293,-0.0532,-1.0033,-0.3500,-4.2000,0.4200
53208,-0.1313,-0.0517,-1.0028,-0.4200,-4.2700,0.7000
53251,-0.1264,-0.0503,-1.0014,-0.5600,-3.9900,0.7000
53294,-0.1288,-0.0508,-1.0043,-0.4200,-4.1300,-0.0700
53338,-0.1298,-0.0508,-1.0033,0.0000,-4.2000,0.4900
53381,-0.1283,-0.0527,-1.0004,-0.3500,-4.1300,0.5600
53424,-0.1303,-0.0537,-1.0014,0.0000,-4.2000,-0.0700
53467,-0.1288,-0.0493,-1.0024,0.0700,-4.0600,0.3500
53510,-0.1288,-0.0517,-1.0009,-0.2800,-4.0600,0.6300
53553,-0.1279,-0.0527,-0.9999,-0.5600,-4.0600,0.7000
53597,-0.1288,-0.0503,-1.0009,-0.1400,-4.0600,0.7700
53641,-0.1293,-0.0551,-1.0024,-0.3500,-4.0600,0.5600
53684,-0.1308,-0.0517,-0.9999,-0.2800,-4.2000,0.6300
53728,-0.1288,-0.0508,-1.0033,-0.6300,-4.2000,0.7700
53771,-0.1303,-0.0527,-1.0043,-0.1400,-4.3400,0.5600
53814,-0.1283,-0.0512,-1.0014,-0.3500,-4.1300,0.7000
53857,-0.1283,-0.0522,-1.0028,-0.4200,-4.2000,0.7000
53900,-0.1293,-0.0512,-1.0024,-0.5600,-4.0600,0.7000
53944,-0.1293,-0.0512,-1.0028,-0.2100,-4.2000,0.5600
53987,-0.1288,-0.0517,-1.0028,-0.5600,-4.1300,0.4900
54031,-0.1269,-0.0517,-1.0028,-0.5600,-4.0600,0.4900
54074,-0.1283,-0.0512,-1.0038,-0.4200,-4.2000,0.5600
54117,-0.1313,-0.0503,-1.0038,-0.3500,-4.1300,0.5600
54160,-0.1308,-0.0503,-1.0043,-0.4200,-4.2000,0.7000
54203,-0.1308,-0.0537,-0.9989,-0.3500,-4.1300,0.5600
54246,-0.1303,-0.0522,-1.0033,-0.1400,-4.2000,0.5600
54290,-0.1303,-0.0517,-0.9999,-0.4900,-4.1300,0.5600
54333,-0.1269,-0.0527,-1.0033,-0.4200,-4.1300,0.7000
54375,-0.1288,-0.0537,-1.0028,-0.2800,-4.0600,0.5600
54418,-0.1303,-0.0517,-0.9994,-0.7000,-4.2700,0.6300
54461,-0.1293,-0.0522,-1.0043,-0.4200,-4.0600,0.6300
54505,-0.1288,-0.0522,-1.0009,-0.2800,-4.2000,0.7000
54548,-0.1303,-0.0527,-1.0014,-0.5600,-4.1300,0.6300
54591,-0.1293,-0.0517,-1.0019,-0.5600,-4.1300,0.8400
54634,-0.1283,-0.0508,-1.0014,-0.0700,-4.2700,0.5600
54677,-0.1279,-0.0522,-1.0043,-0.1400,-4.0600,0.5600
54720,-0.1279,-0.0527,-1.0009,-0.2800,-4.0600,0.7700
54763,-0.1298,-0.0512,-1.0028,-0.5600,-4.1300,0.5600
54806,-0.1303,-0.0532,-1.0019,-0.4200,-4.1300,0.6300
54849,-0.1288,-0.0512,-1.0014,-0.4900,-4.1300,0.7700
54892,-0.1259,-0.0508,-1.0038,-0.2100,-4.1300,0.5600
54935,-0.1303,-0.0493,-1.0033,-0.4900,-4.0600,0.6300
54978,-0.1308,-0.0512,-1.0024,-0.3500,-4.1300,0.4200
55021,-0.1303,-0.0512,-1.0024,-0.3500,-4.1300,0.6300
55064,-0.1298,-0.0537,-1.0014,-0.7000,-4.1300,0.4900
55107,-0.1283,-0.0517,-1.0033,-0.2800,-4.0600,0.4900
55150,-0.1283,-0.0522,-1.0019,-0.4200,-3.9900,0.5600
55193,-0.1279,-0.0517,-1.0019,-0.4900,-3.9900,0.5600
55236,-0.1293,-0.0542,-1.0033,-0.1400,-4.2000,0.5600
55280,-0.1308,-0.0527,-1.0004,-0.4900,-4.1300,0.6300
55323,-0.1283,-0.0532,-1.0028,-0.0700,-4.1300,0.4200
55366,-0.1303,-0.0527,-1.0028,-0.2800,-4.2700,0.6300
55409,-0.1293,-0.0527,-1.0028,-0.2800,-4.2700,0.6300
55452,-0.1254,-0.0512,-1.0028,-0.2800,-4.2000,0.5600
55495,-0.1308,-0.0522,-1.0043,-0.7000,-4.1300,0.6300
55538,-0.1288,-0.0512,-1.0024,-0.0700,-4.1300,0.7000
55581,-0.1308,-0.0527,-1.0028,-0.1400,-4.2000,0.5600
55624,-0.1298,-0.0512,-1.0043,-0.3500,-4.1300,0.4200
55667,-0.1303,-0.0527,-1.0014,-0.2100,-3.9900,0.5600
55710,-0.1303,-0.0522,-1.0028,-0.7000,-4.0600,0.7700
55753,-0.1293,-0.0508,-1.0019,-0.3500,-4.2000,0.7000
55796,-0.1283,-0.0512,-1.0024,-0.1400,-4.1300,0.4200
55839,-0.1293,-0.0503,-1.0014,-0.7000,-4.0600,0.4900
55882,-0.1288,-0.0512,-1.0019,-0.0700,-4.1300,0.4900
55925,-0.1279,-0.0527,-1.0004,-0.5600,-4.1300,0.7000
55968,-0.1293,-0.0522,-1.0024,-0.5600,-4.2000,0.6300
56011,-0.1303,-0.0512,-1.0014,-0.4900,-4.1300,0.6300
56054,-0.1259,-0.0508,-1.0038,-0.2800,-4.2000,0.3500
56097,-0.1308,-0.0503,-1.0009,-0.8400,-4.0600,0.7700
56140,-0.1298,-0.0512,-1.0019,-0.4900,-4.2000,0.6300
56183,-0.1293,-0.0498,-1.0009,-0.4200,-4.0600,0.7000
56226,-0.1279,-0.0493,-1.0038,-0.5600,-4.2000,0.6300
56269,-0.1288,-0.0532,-1.0038,-0.4200,-4.1300,0.4900
56312,-0.1303,-0.0508,-1.0043,-0.3500,-4.1300,0.7000
56355,-0.1279,-0.0527,-1.0014,-0.7000,-4.1300,0.7000
56398,-0.1318,-0.0517,-1.0028,-0.7000,-4.2000,0.4200
56441,-0.1303,-0.0508,-1.0019,-0.4200,-4.0600,0.6300
56485,-0.1274,-0.0512,-1.0009,-0.4900,-4.1300,0.8400
56528,-0.1279,-0.0527,-1.0019,-0.2100,-4.1300,0.6300
56571,-0.1298,-0.0517,-1.0028,-0.6300,-3.9900,0.6300
56614,-0.1298,-0.0503,-1.0014,-0.3500,-4.1300,0.5600
56657,-0.1308,-0.0512,-1.0038,-0.7000,-4.0600,0.6300
56700,-0.1274,-0.0512,-1.0024,-0.2800,-4.1300,0.7000
56743,-0.1293,-0.0503,-1.0004,-0.4200,-4.1300,0.6300
56787,-0.1308,-0.0522,-1.0014,-0.4900,-4.1300,0.6300
56830,-0.1274,-0.0508,-1.0024,-0.2800,-4.2700,0.7000
56873,-0.1274,-0.0537,-1.0024,-0.3500,-4.1300,0.7700
56916,-0.1298,-0.0493,-1.0033,-0.2800,-4.0600,0.4200
56958,-0.1303,-0.0503,-1.0043,-0.5600,-4.3400,0.5600
57002,-0.1313,-0.0493,-1.0038,-0.4200,-4.1300,0.7000
57045,-0.1283,-0.0512,-1.0043,-0.5600,-4.2000,0.7700
57088,-0.1269,-0.0503,-1.0009,-0.4900,-4.2000,0.8400
57131,-0.1283,-0.0532,-1.0019,-0.2800,-4.2700,0.4900
57174,-0.1269,-0.0503,-1.0024,-0.3500,-4.2000,0.7700
57217,-0.1293,-0.0517,-1.0038,-0.4200,-4.2000,0.7000
57260,-0.1313,-0.0512,-1.0038,-0.2100,-4.1300,0.7000
57303,-0.1298,-0.0512,-1.0014,-0.5600,-4.2000,0.7700
57346,-0.1298,-0.0517,-1.0024,-0.2100,-3.9200,0.6300
57389,-0.1293,-0.0503,-1.0033,-0.2800,-4.1300,0.4900
57432,-0.1303,-0.0512,-1.0033,-0.1400,-4.2000,0.6300
57475,-0.1298,-0.0498,-1.0038,-0.3500,-3.9900,0.7700
57518,-0.1293,-0.0522,-1.0024,-0.5600,-4.2000,0.7000
57561,-0.1274,-0.0522,-1.0024,-0.3500,-4.2000,0.7000
57604,-0.1293,-0.0508,-1.0004,-0.3500,-4.2000,0.5600
57647,-0.1264,-0.0498,-1.0033,-0.4900,-4.0600,0.7700
57690,-0.1308,-0.0498,-1.0033,-0.1400,-4.2700,0.7700
57733,-0.1293,-0.0508,-0.9999,-0.4200,-4.0600,0.6300
57776,-0.1288,-0.0527,-1.0033,-0.4900,-4.1300,0.4900
57820,-0.1283,-0.0508,-1.0009,-0.4200,-4.0600,0.6300
57863,-0.1288,-0.0517,-1.0024,-0.1400,-4.1300,0.5600
57906,-0.1293,-0.0493,-0.9999,-0.6300,-4.2000,0.6300
57949,-0.1288,-0.0508,-1.0019,-0.3500,-4.1300,0.5600
57992,-0.1274,-0.0512,-1.0038,-0.3500,-4.2000,0.7000
58036,-0.1293,-0.0503,-1.0014,-0.7000,-4.1300,0.8400
58079,-0.1293,-0.0517,-1.0024,-0.3500,-4.2000,0.5600
58122,-0.1293,-0.0503,-1.0028,-0.1400,-4.0600,0.4900
58165,-0.1279,-0.0517,-1.0024,-0.2100,-4.2000,0.6300
58208,-0.1303,-0.0512,-1.0019,-0.4900,-4.2000,0.8400
58250,-0.1303,-0.0512,-0.9999,-0.2100,-4.2000,0.7000
58294,-0.1283,-0.0522,-1.0028,-0.4900,-4.2000,0.7700
58337,-0.1293,-0.0517,-1.0033,-0.2800,-4.0600,0.5600
58380,-0.1303,-0.0517,-1.0024,-0.4200,-4.1300,0.6300
58423,-0.1269,-0.0508,-1.0043,-0.0700,-4.1300,0.7700
58466,-0.1288,-0.0517,-1.0053,-0.0700,-4.2000,0.4200
58509,-0.1288,-0.0522,-1.0038,-0.6300,-4.2000,0.8400
58553,-0.1264,-0.0517,-1.0038,-0.2800,-4.1300,0.7000
58597,-0.1313,-0.0508,-1.0014,-0.2800,-4.1300,0.6300
58640,-0.1293,-0.0508,-1.0033,-0.0700,-4.0600,0.5600
58684,-0.1283,-0.0503,-1.0009,-0.2800,-4.2000,0.5600
58728,-0.1274,-0.0517,-1.0048,-0.6300,-4.2700,0.7700
58771,-0.1288,-0.0508,-1.0024,-0.4900,-4.2000,0.6300
58814,-0.1283,-0.0532,-1.0009,-0.7700,-4.1300,0.7000
58857,-0.1274,-0.0488,-1.0043,-0.3500,-4.2000,0.6300
58900,-0.1298,-0.0503,-1.0033,-0.7700,-3.9900,0.7000
58943,-0.1283,-0.0508,-1.0028,-0.0700,-3.9900,0.4200
58986,-0.1283,-0.0512,-1.0014,-0.4900,-4.0600,0.8400
59029,-0.1308,-0.0503,-1.0009,-0.2800,-4.2000,0.6300
59072,-0.1288,-0.0517,-1.0019,-0.2800,-4.2000,0.7000
59115,-0.1298,-0.0517,-1.0024,-0.5600,-4.0600,0.6300
59158,-0.1274,-0.0508,-0.9994,-0.1400,-4.2700,0.6300
59201,-0.1293,-0.0512,-1.0014,-0.3500,-4.1300,0.8400
59244,-0.1283,-0.0508,-1.0043,-0.5600,-4.1300,0.7000
59287,-0.1288,-0.0522,-1.0024,-0.2100,-3.9900,0.5600
59330,-0.1288,-0.0517,-1.0028,-0.4200,-4.0600,0.5600
59373,-0.1298,-0.0508,-1.0028,-0.3500,-4.2000,0.6300
59416,-0.1288,-0.0512,-1.0024,-0.6300,-4.0600,0.6300
59458,-0.1279,-0.0512,-1.0009,-0.4200,-4.2700,0.5600
59501,-0.1298,-0.0517,-1.0028,-0.3500,-4.1300,0.4900
59544,-0.1279,-0.0498,-1.0038,-0.2800,-4.1300,0.6300
59587,-0.1269,-0.0508,-1.0028,-0.6300,-4.1300,0.8400
59630,-0.1293,-0.0512,-1.0043,-0.3500,-4.2000,0.6300
59673,-0.1293,-0.0512,-1.0028,-0.2800,-4.0600,0.7000
59716,-0.1303,-0.0522,-1.0028,-0.4900,-4.2000,0.7000
59759,-0.1283,-0.0517,-1.0009,-0.3500,-4.2700,0.7000
59802,-0.1274,-0.0527,-1.0024,-0.2800,-4.0600,0.7700
59846,-0.1264,-0.0512,-1.0014,-0.2100,-4.1300,0.4900
59889,-0.1279,-0.0498,-1.0019,-0.4900,-4.2000,0.8400
59933,-0.1279,-0.0508,-1.0024,-0.4200,-4.2000,0.7000
59977,-0.1303,-0.0512,-1.0028,-0.4900,-4.0600,0.4900
60020,-0.1293,-0.0517,-1.0028,-0.6300,-4.2000,0.7700
60063,-0.1293,-0.0517,-1.0019,-0.4200,-4.2000,0.7700
60106,-0.1313,-0.0498,-1.0019,-0.4200,-4.2000,0.6300
60149,-0.1293,-0.0498,-1.0043,-0.7000,-4.1300,0.7700
60192,-0.1298,-0.0512,-1.0009,-0.4200,-4.2700,0.6300
60235,-0.1274,-0.0503,-1.0028,-0.4200,-4.2700,0.6300
60278,-0.1322,-0.0508,-1.0028,-0.6300,-4.2700,0.6300
60321,-0.1303,-0.0522,-1.0048,-0.4200,-4.2000,0.6300
60364,-0.1327,-0.0503,-1.0004,-0.4900,-4.2000,0.7700
60408,-0.1249,-0.0522,-1.0043,-0.6300,-3.9900,0.7700
60451,-0.1298,-0.0512,-0.9980,-0.2800,-4.1300,0.7000
60494,-0.1274,-0.0512,-1.0038,-0.4900,-4.2700,0.7000
60537,-0.1288,-0.0517,-1.0028,-0.3500,-4.1300,0.7000
60580,-0.1283,-0.0503,-1.0033,-0.4200,-4.0600,0.4900
60623,-0.1313,-0.0512,-1.0014,-0.4200,-4.0600,0.6300
60666,-0.1279,-0.0503,-1.0014,-0.4200,-4.1300,0.6300
60708,-0.1303,-0.0517,-1.0033,-0.7000,-4.2000,0.8400
60751,-0.1303,-0.0498,-1.0004,-0.1400,-4.1300,0.3500
60794,-0.1298,-0.0522,-1.0024,-0.5600,-4.1300,0.7000
60837,-0.1293,-0.0478,-1.0019,-0.4200,-4.2000,0.8400
60880,-0.1264,-0.0517,-1.0028,-0.4200,-4.2000,0.5600
60923,-0.1293,-0.0512,-1.0014,-0.4900,-4.0600,0.6300
60967,-0.1293,-0.0488,-1.0014,-0.6300,-4.2700,0.7000
61010,-0.1298,-0.0522,-1.0043,-0.2800,-4.1300,0.7000
61053,-0.1303,-0.0527,-1.0024,-0.5600,-4.2000,0.7000
61097,-0.1303,-0.0493,-1.0033,-0.3500,-4.1300,0.4900
61140,-0.1274,-0.0508,-1.0038,-0.2800,-4.1300,0.7700
61183,-0.1293,-0.0522,-1.0024,-0.4200,-4.2000,0.7700
61226,-0.1298,-0.0512,-1.0009,-0.2100,-4.1300,0.6300
61269,-0.1288,-0.0503,-1.0028,-0.4200,-4.1300,0.6300
61312,-0.1288,-0.0508,-1.0009,-0.5600,-4.2000,0.7000
61355,-0.1298,-0.0488,-1.0014,-0.5600,-4.1300,0.9100
61398,-0.1293,-0.0517,-1.0024,-0.4200,-4.2000,0.6300
61441,-0.1293,-0.0498,-1.0004,-0.3500,-4.0600,0.6300
61484,-0.1303,-0.0503,-1.0004,0.0000,-4.1300,0.4900
61527,-0.1283,-0.0512,-1.0009,-0.4900,-4.1300,0.8400
61570,-0.1288,-0.0508,-1.0019,-0.2800,-3.9900,0.8400
61613,-0.1313,-0.0493,-1.0024,-0.0700,-4.2000,0.4200
61656,-0.1283,-0.0508,-1.0014,-0.3500,-4.0600,0.7000
61699,-0.1279,-0.0493,-0.9999,-0.4900,-4.2000,0.7000
61742,-0.1283,-0.0517,-1.0004,-0.2100,-4.1300,0.6300
61786,-0.1279,-0.0498,-1.0033,-0.7000,-4.2000,0.8400
61829,-0.1279,-0.0503,-0.9999,-0.5600,-4.3400,0.6300
61872,-0.1283,-0.0527,-1.0014,-0.2800,-4.0600,0.7000
61915,-0.1274,-0.0503,-1.0028,-0.1400,-4.1300,0.6300
61958,-0.1293,-0.0508,-1.0024,-0.2800,-4.1300,0.5600
62000,-0.1298,-0.0522,-1.0043,-0.3500,-4.1300,0.7700
62043,-0.1293,-0.0517,-1.0004,-0.2800,-4.2000,0.6300
62086,-0.1288,-0.0517,-1.0004,-0.5600,-4.1300,0.5600
62129,-0.1293,-0.0508,-1.0048,-0.0700,-4.2000,0.7700
62172,-0.1274,-0.0512,-1.0043,-0.2800,-4.2000,0.5600
62215,-0.1283,-0.0512,-1.0014,-0.3500,-4.2700,0.7000
62258,-0.1308,-0.0498,-1.0009,-0.2800,-3.9900,0.5600
62301,-0.1288,-0.0542,-1.0028,-0.4200,-4.2700,0.7000
62344,-0.1308,-0.0522,-1.0014,-0.5600,-4.1300,0.5600
62388,-0.1293,-0.0527,-1.0038,-0.4900,-4.2000,0.5600
62431,-0.1303,-0.0493,-1.0038,-0.2800,-4.1300,0.5600
62474,-0.1293,-0.0522,-1.0019,-0.2100,-4.1300,0.5600
62517,-0.1298,-0.0517,-1.0028,-0.4200,-4.2700,0.5600
62560,-0.1288,-0.0493,-1.0009,-0.0700,-4.1300,0.4900
62603,-0.1293,-0.0503,-1.0019,-0.2800,-3.9900,0.6300
62646,-0.1298,-0.0527,-1.0019,-0.3500,-4.2700,0.7000
62689,-0.1288,-0.0508,-1.0028,-0.1400,-4.2000,0.6300
62732,-0.1283,-0.0503,-1.0004,-0.6300,-4.3400,0.7700
62775,-0.1313,-0.0527,-1.0038,-0.6300,-4.2000,0.7700
62818,-0.1288,-0.0508,-1.0014,-0.2800,-4.1300,0.7000
62861,-0.1279,-0.0503,-1.0009,-0.5600,-4.2000,0.7000
62904,-0.1293,-0.0527,-1.0019,-0.7000,-4.1300,0.6300
62947,-0.1288,-0.0517,-1.0033,-0.4900,-4.2000,0.7000
62990,-0.1283,-0.0508,-1.0067,-0.2100,-4.1300,0.5600
63033,-0.1298,-0.0527,-1.0009,-0.3500,-4.2000,0.6300
63076,-0.1303,-0.0498,-1.0038,-0.4900,-4.4100,0.7000
63119,-0.1298,-0.0527,-1.0019,-0.6300,-4.2000,0.7700
63162,-0.1283,-0.0503,-1.0019,-0.3500,-4.2000,0.5600
63205,-0.1274,-0.0508,-1.0033,-0.4900,-4.2700,0.9100
63248,-0.1293,-0.0522,-1.0024,-0.4900,-4.1300,0.8400
63291,-0.1293,-0.0503,-1.0067,-0.4900,-4.1300,0.7700
63333,-0.1293,-0.0498,-1.0028,-0.8400,-4.1300,0.7000
63376,-0.1288,-0.0517,-1.0014,-0.3500,-4.1300,0.6300
63419,-0.1298,-0.0498,-1.0009,-0.4200,-4.2000,0.4900
63462,-0.1283,-0.0493,-1.0024,-0.1400,-4.1300,0.4900
63505,-0.1288,-0.0512,-1.0038,-0.4200,-4.2000,0.6300
63548,-0.1288,-0.0512,-1.0019,-0.4200,-4.0600,0.6300
63591,-0.1274,-0.0508,-1.0019,-0.6300,-4.2000,0.7700
63635,-0.1288,-0.0508,-1.0004,-0.3500,-4.2000,0.8400
63678,-0.1288,-0.0517,-1.0024,-0.4900,-4.0600,0.6300
63721,-0.1308,-0.0512,-1.0024,-0.2100,-4.1300,0.6300
63764,-0.1279,-0.0483,-1.0038,-0.3500,-4.0600,0.6300
63807,-0.1313,-0.0498,-1.0033,-0.6300,-4.2000,0.6300
63851,-0.1308,-0.0517,-1.0028,-0.4900,-4.2000,0.4900
63895,-0.1298,-0.0522,-1.0033,-0.2800,-4.2700,0.6300
63938,-0.1298,-0.0512,-1.0028,-0.5600,-4.1300,0.6300
63981,-0.1308,-0.0483,-1.0019,-0.3500,-4.2000,0.7000
64024,-0.1283,-0.0498,-1.0019,-0.4900,-4.1300,0.7700
64067,-0.1283,-0.0522,-1.0028,-0.2800,-4.0600,0.6300
64110,-0.1298,-0.0498,-1.0033,-0.3500,-4.0600,0.7000
64153,-0.1298,-0.0503,-1.0033,-0.2100,-4.1300,0.4900
64196,-0.1288,-0.0522,-1.0063,-0.4900,-4.2700,0.6300
64239,-0.1308,-0.0508,-1.0028,-0.4900,-4.0600,0.6300
64282,-0.1283,-0.0483,-1.0014,-0.7700,-4.1300,0.6300
64325,-0.1279,-0.0493,-1.0024,-0.1400,-4.2000,0.5600
64369,-0.1279,-0.0517,-1.0019,-0.4200,-4.1300,0.7000
64412,-0.1283,-0.0508,-1.0009,-0.8400,-4.1300,0.6300
64455,-0.1308,-0.0517,-1.0033,-0.6300,-4.1300,0.8400
64498,-0.1288,-0.0508,-1.0028,-0.5600,-4.2000,0.7000
64541,-0.1308,-0.0512,-1.0014,-0.7000,-4.1300,0.6300
64583,-0.1279,-0.0498,-1.0004,-0.3500,-4.2000,0.6300
64626,-0.1274,-0.0503,-1.0014,-0.5600,-4.2000,0.8400
64670,-0.1298,-0.0508,-1.0024,-0.4200,-4.0600,0.7000
64714,-0.1288,-0.0498,-1.0019,-0.4200,-4.2700,0.4200
64757,-0.1293,-0.0517,-1.0024,-0.1400,-4.1300,0.9100
64800,-0.1313,-0.0503,-1.0024,-0.0700,-3.9900,0.4900
64843,-0.1288,-0.0498,-1.0028,-0.4200,-4.2000,0.8400
64886,-0.1298,-0.0498,-0.9999,-0.2800,-4.1300,0.7700
64929,-0.1279,-0.0508,-1.0014,-0.2800,-4.2000,0.5600
64972,-0.1298,-0.0508,-1.0024,-0.7000,-4.2000,0.8400
65015,-0.1283,-0.0498,-1.0033,-0.4200,-4.1300,0.7700
65058,-0.1293,-0.0493,-1.0024,-0.3500,-4.3400,0.4900
65101,-0.1303,-0.0512,-1.0033,-0.3500,-4.2000,0.7000
65144,-0.1279,-0.0503,-1.0028,-0.2800,-4.1300,0.6300
65187,-0.1298,-0.0498,-1.0033,-0.4900,-4.2700,0.8400
65230,-0.1293,-0.0503,-1.0033,-0.5600,-4.0600,0.7700
65274,-0.1293,-0.0522,-1.0053,-0.1400,-4.2000,0.5600
65317,-0.1293,-0.0508,-1.0033,-0.2800,-4.2000,0.7000
65360,-0.1303,-0.0512,-1.0019,-0.3500,-4.1300,0.6300
65403,-0.1279,-0.0503,-1.0038,-0.3500,-4.1300,0.7700
65446,-0.1283,-0.0503,-1.0024,-0.7000,-4.2000,0.7000
65490,-0.1279,-0.0493,-1.0028,-0.5600,-4.2000,0.5600
65533,-0.1279,-0.0493,-1.0028,-0.4900,-4.3400,0.6300
65577,-0.1283,-0.0512,-1.0014,-0.5600,-3.9200,0.4900
65620,-0.1279,-0.0517,-1.0043,-0.2100,-4.1300,0.4900
65664,-0.1303,-0.0493,-1.0033,-0.4200,-4.3400,0.7000
65707,-0.1293,-0.0503,-1.0014,-0.2100,-4.2700,0.4900
65750,-0.1313,-0.0493,-1.0024,-0.7700,-4.2000,0.7000
65792,-0.1279,-0.0498,-1.0033,-0.7700,-4.2000,0.7700
65835,-0.1283,-0.0503,-1.0028,-0.3500,-4.1300,0.6300
65878,-0.1283,-0.0488,-1.0019,-0.5600,-4.1300,0.5600
65921,-0.1298,-0.0498,-1.0028,-0.4200,-4.0600,0.7700
65964,-0.1308,-0.0483,-1.0019,-0.7000,-4.1300,0.7000
66007,-0.1283,-0.0512,-1.0028,-0.2800,-4.2000,0.7000
66050,-0.1288,-0.0503,-1.0019,-0.3500,-4.2000,0.5600
66093,-0.1293,-0.0493,-1.0019,-0.3500,-4.1300,0.7000
66136,-0.1274,-0.0483,-1.0014,-0.0700,-4.2000,0.4900
66179,-0.1279,-0.0503,-1.0043,-0.7700,-4.2000,0.7000
66222,-0.1298,-0.0503,-1.0024,-0.0700,-4.1300,0.4900
66265,-0.1283,-0.0493,-1.0028,-0.4900,-4.1300,0.5600
66309,-0.1274,-0.0508,-1.0028,-0.3500,-4.0600,0.4900
66352,-0.1298,-0.0473,-1.0019,-0.2100,-3.9900,0.5600
66395,-0.1293,-0.0503,-1.0009,-0.4900,-4.0600,0.6300
66438,-0.1303,-0.0503,-1.0033,-0.2800,-4.2000,0.7000
66481,-0.1288,-0.0508,-1.0004,-0.3500,-4.0600,0.6300
66524,-0.1288,-0.0493,-1.0014,-0.3500,-4.1300,0.6300
66567,-0.1269,-0.0483,-1.0014,-0.2800,-4.2000,0.4900
66610,-0.1264,-0.0473,-1.0019,-0.2100,-4.0600,0.7000
66653,-0.1279,-0.0478,-1.0033,-0.5600,-4.1300,0.8400
66696,-0.1288,-0.0508,-1.0033,-0.3500,-3.9900,0.4900
66739,-0.1293,-0.0498,-1.0028,-0.4900,-4.1300,0.7700
66782,-0.1283,-0.0493,-1.0028,-0.6300,-4.2000,0.7000
66825,-0.1303,-0.0493,-1.0028,-0.4200,-4.0600,0.6300
66869,-0.1298,-0.0503,-1.0028,-0.4200,-4.2000,0.6300
66913,-0.1303,-0.0493,-1.0038,-0.1400,-4.1300,0.7700
66956,-0.1293,-0.0498,-1.0028,-0.4900,-4.1300,0.6300
66999,-0.1283,-0.0503,-1.0019,-0.2800,-4.0600,0.7000
67042,-0.1298,-0.0483,-1.0024,-0.6300,-4.2000,0.7700
67085,-0.1293,-0.0498,-1.0028,-0.2800,-4.0600,0.7000
67128,-0.1288,-0.0493,-1.0048,-0.4200,-4.0600,0.6300
67171,-0.1288,-0.0527,-1.0067,-0.2100,-4.1300,0.6300
67214,-0.1279,-0.0503,-1.0033,-0.2800,-4.2000,0.5600
67258,-0.1269,-0.0493,-1.0038,-0.5600,-4.2000,0.7700
67301,-0.1279,-0.0488,-1.0028,-0.1400,-3.7800,0.8400
67344,-0.1293,-0.0512,-1.0033,-0.2800,-4.1300,0.6300
67387,-0.1288,-0.0522,-1.0024,-0.2800,-4.1300,0.5600
67431,-0.1288,-0.0503,-1.0009,-0.3500,-3.9900,0.6300
67474,-0.1303,-0.0512,-1.0033,-0.3500,-4.2700,0.6300
67517,-0.1288,-0.0488,-1.0024,-0.2800,-4.0600,0.4900
67561,-0.1288,-0.0512,-1.0028,-0.4200,-4.1300,0.7000
67604,-0.1283,-0.0493,-1.0024,-0.3500,-4.2700,0.5600
67647,-0.1293,-0.0488,-1.0058,-0.5600,-4.0600,0.7700
67690,-0.1279,-0.0488,-1.0004,-0.0700,-4.1300,0.4200
67733,-0.1293,-0.0498,-1.0014,-0.4200,-4.0600,0.7700
67776,-0.1303,-0.0473,-1.0014,-0.0700,-4.1300,0.6300
67819,-0.1279,-0.0503,-1.0019,-0.5600,-4.2700,0.7000
67863,-0.1288,-0.0508,-1.0014,-0.4900,-4.2000,0.4200
67906,-0.1298,-0.0478,-1.0038,-0.2800,-4.1300,0.6300
67949,-0.1288,-0.0503,-1.0014,-0.4200,-4.1300,0.7700
67992,-0.1293,-0.0498,-1.0053,-0.2100,-4.0600,0.4200
68035,-0.1279,-0.0488,-1.0038,-0.4200,-4.1300,0.8400
68078,-0.1293,-0.0488,-1.0038,-0.4900,-4.2000,0.7700
68121,-0.1269,-0.0498,-1.0019,-0.4900,-4.0600,0.7000
68164,-0.1293,-0.0493,-1.0014,-0.2800,-3.9900,0.4200
68207,-0.1264,-0.0498,-1.0033,-0.4200,-4.1300,0.5600
68250,-0.1313,-0.0503,-1.0019,-0.2100,-4.1300,0.5600
68292,-0.1288,-0.0512,-1.0048,-0.4200,-4.2000,0.4900
68335,-0.1303,-0.0508,-1.0004,-0.0700,-4.1300,0.6300
68378,-0.1279,-0.0498,-1.0043,-0.2100,-4.1300,0.6300
68421,-0.1298,-0.0508,-1.0028,-0.4900,-4.2000,0.8400
68464,-0.1288,-0.0493,-1.0028,-0.2800,-4.2000,0.5600
68508,-0.1298,-0.0498,-1.0033,-0.3500,-4.0600,0.4900
68551,-0.1303,-0.0493,-1.0024,-0.5600,-4.1300,0.7000
68594,-0.1274,-0.0503,-1.0033,-0.2800,-4.1300,0.6300
68637,-0.1298,-0.0517,-1.0014,-0.3500,-4.2000,0.6300
68680,-0.1288,-0.0488,-1.0033,-0.2100,-4.1300,0.5600
68723,-0.1279,-0.0493,-1.0028,-0.3500,-4.2700,0.6300
68766,-0.1274,-0.0503,-1.0028,-0.5600,-4.2000,0.7700
68809,-0.1288,-0.0488,-1.0038,-0.4200,-4.0600,0.7700
68852,-0.1293,-0.0468,-1.0024,-0.4900,-4.1300,0.8400
68895,-0.1274,-0.0488,-1.0014,-0.2800,-4.1300,0.7000
68938,-0.1308,-0.0488,-1.0019,-0.4900,-4.1300,0.7000
68981,-0.1274,-0.0498,-1.0014,-0.2800,-4.2700,0.6300
69024,-0.1293,-0.0517,-1.0024,-0.7000,-4.2000,0.7000
69067,-0.1288,-0.0488,-1.0033,-0.2100,-4.0600,0.6300
69110,-0.1288,-0.0493,-1.0014,-0.2800,-3.9900,0.7000
69153,-0.1283,-0.0517,-1.0019,-0.2800,-4.1300,0.5600
69196,-0.1288,-0.0493,-0.8760,-0.5600,-4.1300,0.8400
69239,-0.1298,-0.0498,-1.0028,-0.4200,-4.1300,0.6300
69282,-0.1298,-0.0488,-1.0033,-0.4900,-4.2000,0.7000
69326,-0.1283,-0.0493,-1.0024,-0.4200,-4.1300,0.7000
69369,-0.1298,-0.0508,-1.0048,-0.3500,-4.1300,0.7700
69412,-0.1298,-0.0512,-1.0038,-0.2100,-4.1300,0.7700
69455,-0.1279,-0.0508,-1.0028,-0.4200,-4.0600,0.6300
69498,-0.1274,-0.0493,-1.0014,-0.4900,-4.0600,0.7700
69541,-0.1288,-0.0508,-1.0004,-0.4900,-4.1300,0.7000
69584,-0.1274,-0.0478,-1.0019,-0.4200,-4.0600,0.7700
69627,-0.1283,-0.0483,-1.0028,-0.6300,-4.1300,0.7000
69671,-0.1274,-0.0508,-1.0028,-0.4900,-4.1300,0.4900
69715,-0.1288,-0.0508,-1.0028,-0.5600,-4.1300,0.5600
69758,-0.1288,-0.0493,-0.9999,-0.4200,-4.0600,0.6300
69801,-0.1264,-0.0498,-0.9999,-0.2800,-4.1300,0.5600
69844,-0.1318,-0.0503,-1.0038,-0.4200,-4.1300,0.5600
69887,-0.1293,-0.0468,-1.0024,-0.5600,-4.2700,0.5600
69930,-0.1293,-0.0488,-1.0038,-0.2100,-4.0600,0.6300
69973,-0.1288,-0.0498,-1.0038,-0.2100,-4.2000,0.6300
70016,-0.1303,-0.0483,-1.0028,-0.4200,-3.9900,0.7000
70059,-0.1274,-0.0493,-1.0033,-0.3500,-4.0600,0.7700
70102,-0.1279,-0.0488,-1.0033,-0.2100,-4.2000,0.4900
70146,-0.1318,-0.0508,-1.0024,-0.4200,-4.2000,0.7000
70189,-0.1303,-0.0517,-1.0033,-0.4200,-4.2700,0.6300
70233,-0.1274,-0.0483,-1.0048,-0.3500,-4.1300,0.6300
70277,-0.1308,-0.0493,-1.0019,0.2100,-4.2700,0.6300
70320,-0.1298,-0.0503,-1.0028,-0.2800,-4.1300,0.6300
70363,-0.1288,-0.0483,-1.0043,-0.4900,-3.9200,0.6300
70406,-0.1288,-0.0483,-1.0009,-0.0700,-4.1300,0.6300
70450,-0.1274,-0.0483,-1.0024,-0.4200,-4.2000,0.6300
70493,-0.1264,-0.0503,-1.0004,-0.3500,-4.2700,0.7000
70536,-0.1283,-0.0517,-0.9989,-0.5600,-4.1300,0.7000
70579,-0.1288,-0.0493,-1.0038,-0.2800,-4.2000,0.6300
70622,-0.1293,-0.0488,-0.9999,-0.4900,-4.2700,0.7000
70666,-0.1288,-0.0498,-1.0028,-0.1400,-4.0600,0.5600
70708,-0.1269,-0.0512,-1.0019,-0.3500,-4.1300,0.6300
70751,-0.1269,-0.0488,-1.0024,-0.3500,-4.0600,0.6300
70794,-0.1288,-0.0478,-1.0014,-0.4200,-4.1300,0.7700
70837,-0.1269,-0.0503,-1.0019,-0.4200,-4.2000,0.7000
70880,-0.1283,-0.0498,-1.0043,-0.0700,-4.0600,0.7700
70923,-0.1308,-0.0508,-1.0028,-0.3500,-4.0600,0.6300
70966,-0.1274,-0.0493,-1.0009,-0.5600,-4.1300,0.7000
71009,-0.1308,-0.0517,-1.0024,-0.4900,-4.2000,0.7000
71052,-0.1269,-0.0493,-1.0024,-0.2800,-4.1300,0.6300
71095,-0.1279,-0.0508,-1.0043,-0.4200,-4.1300,0.7000
71138,-0.1288,-0.0498,-1.0028,-0.2800,-4.1300,0.6300
71181,-0.1303,-0.0493,-1.0048,-0.5600,-4.2000,0.7000
71224,-0.1288,-0.0508,-1.0024,-0.4200,-4.0600,0.7000
71267,-0.1274,-0.0503,-1.0028,-0.2800,-4.0600,0.6300
71310,-0.1288,-0.0473,-1.0038,-0.1400,-4.2700,0.4900
71354,-0.1288,-0.0483,-1.0019,0.0000,-4.1300,0.6300
71397,-0.1283,-0.0498,-1.0019,-0.2100,-4.2000,0.6300
71440,-0.1298,-0.0522,-1.0048,-0.1400,-4.2700,0.4900
71483,-0.1308,-0.0493,-1.0038,-0.4200,-4.2000,0.6300
71526,-0.1303,-0.0503,-1.0024,-0.4900,-3.9900,0.6300
71569,-0.1288,-0.0498,-1.0028,-0.3500,-4.1300,0.4900
71613,-0.1293,-0.0503,-1.0019,-0.1400,-4.1300,0.7000
71656,-0.1288,-0.0503,-1.0028,-0.2800,-4.2700,0.7700
71699,-0.1269,-0.0503,-1.0038,-0.2800,-4.2000,0.7000
71742,-0.1279,-0.0503,-1.0024,-0.2800,-4.1300,0.6300
71785,-0.1264,-0.0503,-1.0019,-0.6300,-4.1300,0.6300
71828,-0.1293,-0.0503,-1.0033,-0.2100,-3.9900,0.6300
71871,-0.1283,-0.0512,-1.0024,-0.4200,-4.2700,0.6300
71914,-0.1298,-0.0483,-1.0063,-0.3500,-4.1300,0.6300
71957,-0.1288,-0.0517,-1.0048,-0.4900,-4.0600,0.8400
72000,-0.1283,-0.0493,-1.0028,-0.5600,-4.2700,0.6300
72043,-0.1293,-0.0508,-1.0014,-0.2800,-4.1300,0.5600
72086,-0.1274,-0.0493,-1.0058,-0.6300,-4.2700,0.6300
72129,-0.1298,-0.0508,-1.0038,-0.2800,-4.0600,0.6300
72172,-0.1274,-0.0498,-1.0024,-0.1400,-4.3400,0.7000
72215,-0.1313,-0.0512,-1.0024,-0.3500,-3.9900,0.7700
72258,-0.1283,-0.0508,-1.0024,-0.3500,-4.0600,0.5600
72301,-0.1288,-0.0503,-1.0028,-0.2100,-4.2000,0.6300
72344,-0.1283,-0.0503,-1.0033,-0.2100,-4.1300,0.7000
72387,-0.1293,-0.0517,-1.0038,-0.4900,-4.2000,0.6300
72430,-0.1293,-0.0503,-1.0033,-0.2800,-4.2000,0.5600
72474,-0.1293,-0.0508,-1.0033,-0.1400,-4.2000,0.7700
72517,-0.1288,-0.0493,-1.0014,-0.5600,-4.0600,0.6300
72560,-0.1293,-0.0508,-1.0033,-0.4900,-4.0600,0.7000
72603,-0.1269,-0.0498,-1.0043,-0.4200,-4.2000,0.5600
72646,-0.1288,-0.0483,-1.0019,-0.2100,-4.1300,0.5600
72690,-0.1293,-0.0532,-1.0043,-0.4900,-4.2000,0.7700
72733,-0.1298,-0.0503,-1.0009,-0.3500,-4.1300,0.6300
72776,-0.1259,-0.0508,-1.0019,-0.6300,-4.2000,0.6300
72819,-0.1293,-0.0517,-1.0024,-0.4200,-3.9900,0.6300
72862,-0.1308,-0.0508,-1.0033,-0.0700,-4.1300,0.4200
72905,-0.1283,-0.0522,-1.0024,-0.7000,-4.2000,0.7700
72948,-0.1288,-0.0508,-1.0019,-0.2800,-4.0600,0.7000
72991,-0.1288,-0.0488,-1.0019,-0.2800,-3.9200,0.6300
73034,-0.1283,-0.0498,-1.0019,-0.5600,-4.2000,0.7000
73077,-0.1308,-0.0512,-1.0024,-0.3500,-4.1300,0.5600
73120,-0.1313,-0.0508,-1.0024,-0.2100,-4.0600,0.7700
73164,-0.1293,-0.0493,-1.0014,-0.4200,-4.2000,0.5600
73207,-0.1293,-0.0512,-1.0028,-0.1400,-3.9200,0.5600
73250,-0.1288,-0.0512,-1.0024,-0.2800,-3.9900,0.7000
73293,-0.1274,-0.0512,-1.0043,-0.2800,-4.2000,0.4900
73336,-0.1298,-0.0503,-0.9999,-0.7700,-4.2000,0.8400
73380,-0.1254,-0.0508,-1.0043,-0.4900,-4.0600,0.8400
73424,-0.1288,-0.0508,-1.0004,-0.4200,-4.2000,0.6300
73467,-0.1303,-0.0488,-1.0053,-0.4200,-4.2700,0.8400
73511,-0.1322,-0.0512,-1.0028,-0.1400,-4.2000,0.5600
73554,-0.1298,-0.0527,-1.0014,-0.2800,-4.0600,0.0000
73597,-0.1298,-0.0503,-1.0009,-0.0700,-4.2700,0.5600
73640,-0.1274,-0.0508,-1.0028,-0.5600,-4.3400,0.6300
73684,-0.1274,-0.0493,-0.9994,-0.2800,-4.2000,0.7700
73728,-0.1303,-0.0532,-1.0024,-0.4200,-4.2700,0.5600
73771,-0.1283,-0.0503,-1.0014,-0.9800,-4.0600,0.8400
73814,-0.1283,-0.0508,-1.0009,-0.4200,-3.9900,0.6300
73857,-0.1288,-0.0508,-1.0043,-0.7700,-4.0600,0.6300
73900,-0.1283,-0.0508,-1.0019,-0.3500,-4.2000,0.7700
73943,-0.1269,-0.0512,-1.0009,-0.4900,-4.1300,0.7000
73986,-0.1303,-0.0508,-1.0028,-0.4200,-3.9900,0.7700
74029,-0.1264,-0.0503,-1.0038,-0.0700,-4.1300,0.4200
74072,-0.1288,-0.0483,-1.0028,-0.4200,-4.1300,0.6300
74115,-0.1279,-0.0517,-1.0043,-0.4200,-4.1300,0.5600
74158,-0.1283,-0.0478,-1.0014,-0.4200,-4.1300,0.7000
74201,-0.1303,-0.0488,-1.0004,-0.4200,-4.0600,0.5600
74244,-0.1274,-0.0498,-1.0058,-0.4900,-4.1300,0.7700
74288,-0.1288,-0.0488,-1.0033,0.0000,-3.9900,0.5600
74331,-0.1283,-0.0498,-1.0028,-0.6300,-4.2000,0.7000
74374,-0.1308,-0.0503,-1.0038,-0.3500,-4.2000,0.7700
74416,-0.1288,-0.0512,-1.0014,-0.2800,-4.1300,0.7000
74459,-0.1288,-0.0522,-1.0053,-0.6300,-4.2000,0.7000
74503,-0.1308,-0.0488,-1.0009,-0.2800,-4.1300,0.7000
74546,-0.1279,-0.0498,-1.0053,-0.3500,-4.2000,0.5600
74590,-0.1308,-0.0517,-1.0019,-0.2800,-4.1300,0.4900
74633,-0.1288,-0.0508,-1.0038,-0.1400,-4.3400,0.5600
74677,-0.1293,-0.0483,-1.0014,-0.3500,-4.0600,0.4900
74720,-0.1254,-0.0508,-1.0058,-0.2100,-4.1300,0.7700
74763,-0.1313,-0.0508,-0.9989,-0.7700,-4.2000,0.7700
74806,-0.1279,-0.0483,-1.0043,-0.7700,-4.0600,0.8400
74849,-0.1279,-0.0532,-1.0048,-0.4200,-4.1300,0.4900
74893,-0.1279,-0.0517,-1.0024,-0.4900,-4.2700,0.6300
74936,-0.1274,-0.0508,-1.0043,-0.5600,-4.2000,0.7700
74979,-0.1279,-0.0522,-1.0043,-0.2100,-4.1300,0.8400
75022,-0.1288,-0.0527,-0.9994,-0.7700,-4.3400,0.5600
75065,-0.1308,-0.0493,-1.0019,-0.4200,-4.2000,0.6300
75108,-0.1264,-0.0498,-1.0028,-0.1400,-4.2700,0.7000
75151,-0.1308,-0.0527,-1.0024,-0.6300,-4.2000,0.6300
75194,-0.1308,-0.0512,-1.0048,-0.1400,-4.2000,0.5600
75237,-0.1308,-0.0508,-1.0028,0.0000,-4.0600,0.5600
75280,-0.1274,-0.0498,-1.0033,-0.3500,-4.1300,0.4900
75324,-0.1298,-0.0488,-1.0009,-0.4200,-4.2700,0.7700
75367,-0.1259,-0.0493,-1.0024,-0.3500,-4.0600,0.7000
75410,-0.1288,-0.0517,-1.0019,-0.3500,-4.1300,0.5600
75454,-0.1264,-0.0488,-1.0009,-0.3500,-4.2000,0.8400
75497,-0.1298,-0.0503,-1.0014,-0.4900,-4.2000,0.6300
75540,-0.1269,-0.0488,-1.0033,-0.2800,-4.2700,0.5600
75583,-0.1303,-0.0508,-1.0024,-0.7700,-4.1300,0.7700
75625,-0.1293,-0.0508,-1.0033,-0.1400,-4.1300,0.6300
75668,-0.1274,-0.0498,-1.0009,-0.4900,-4.2000,0.8400
75711,-0.1288,-0.0512,-1.0033,-0.1400,-4.0600,0.5600
75755,-0.1274,-0.0483,-1.0033,-0.1400,-4.1300,0.6300
75798,-0.1274,-0.0488,-1.0009,-0.3500,-4.2000,0.4900
75841,-0.1269,-0.0498,-1.0028,-0.4200,-4.2000,0.5600
75884,-0.1279,-0.0493,-1.0033,-0.2800,-3.9200,0.5600
75927,-0.1279,-0.0503,-1.0019,-0.4200,-4.0600,0.5600
75970,-0.1293,-0.0488,-1.0024,-0.4200,-3.9900,0.7700
76013,-0.1269,-0.0493,-1.0048,-0.2100,-4.1300,0.7000
76056,-0.1313,-0.0517,-1.0024,-0.7000,-4.1300,0.7000
76099,-0.1293,-0.0508,-1.0028,-0.3500,-4.2000,0.7000
76142,-0.1303,-0.0517,-1.0019,-0.3500,-4.2000,0.7000
76185,-0.1293,-0.0503,-1.0024,-0.4200,-4.0600,0.5600
76228,-0.1269,-0.0517,-1.0038,-0.4900,-4.1300,0.6300
76271,-0.1288,-0.0512,-1.0028,-0.2800,-4.1300,0.5600
76314,-0.1288,-0.0517,-1.0024,-0.5600,-4.2000,0.7000
76358,-0.1274,-0.0503,-1.0028,-0.4900,-4.2000,0.7000
76401,-0.1283,-0.0493,-1.0004,-0.0700,-3.9900,0.5600
76444,-0.1293,-0.0503,-1.0019,-0.7000,-4.1300,0.6300
76487,-0.1298,-0.0512,-1.0014,-0.3500,-4.2000,0.8400
76531,-0.1293,-0.0508,-1.0019,-0.3500,-4.1300,0.6300
76574,-0.1279,-0.0498,-1.0014,-0.1400,-4.0600,0.5600
76617,-0.1279,-0.0503,-1.0019,-0.3500,-4.1300,0.6300
76660,-0.1269,-0.0488,-0.9999,-0.2800,-4.1300,0.6300
76704,-0.1279,-0.0508,-1.0004,-0.4200,-4.2700,0.5600
76747,-0.1283,-0.0498,-1.0014,-0.4200,-4.1300,0.6300
76790,-0.1288,-0.0517,-1.0009,-0.2800,-4.1300,0.5600
76833,-0.1293,-0.0498,-0.9999,-0.4200,-4.0600,0.7700
76876,-0.1283,-0.0508,-1.0014,-0.4200,-4.0600,0.6300
76919,-0.1288,-0.0498,-0.9999,-0.2800,-4.1300,0.5600
76962,-0.1274,-0.0508,-1.0028,-0.4900,-4.1300,0.5600
77006,-0.1259,-0.0508,-1.0024,-0.4200,-4.0600,0.8400
77050,-0.1303,-0.0512,-1.0024,-0.4200,-4.2700,0.7000
77093,-0.1279,-0.0488,-1.0038,-0.6300,-4.2000,0.7700
77136,-0.1293,-0.0503,-1.0014,-0.2100,-4.1300,0.5600
77179,-0.1274,-0.0498,-1.0024,-0.2800,-4.1300,0.5600
77222,-0.1293,-0.0503,-1.0014,-0.5600,-4.2000,0.7700
77265,-0.1303,-0.0493,-1.0053,-0.5600,-4.2000,0.6300
77308,-0.1274,-0.0508,-1.0019,-0.3500,-4.0600,0.7000
77351,-0.1283,-0.0508,-1.0053,-0.3500,-3.9900,0.7000
77394,-0.1303,-0.0503,-1.0019,-0.4200,-4.2000,0.7000
77437,-0.1293,-0.0498,-1.0043,-0.2800,-4.2000,0.7000
77481,-0.1264,-0.0503,-1.0024,-0.2800,-4.1300,0.7700
77524,-0.1283,-0.0517,-1.0033,-0.2800,-4.1300,0.6300
77567,-0.1288,-0.0512,-1.0043,-0.2800,-4.2000,0.7000
77611,-0.1283,-0.0478,-1.0019,-0.2800,-4.1300,0.5600
77655,-0.1293,-0.0517,-1.0038,-0.2800,-4.2000,0.7000
77698,-0.1298,-0.0508,-1.0028,-0.4900,-4.2000,0.6300
77741,-0.1288,-0.0488,-1.0028,-0.4200,-4.4100,0.4900
77784,-0.1283,-0.0493,-1.0038,-0.7000,-4.2700,0.5600
77827,-0.1283,-0.0488,-1.0038,-0.2100,-4.1300,0.7700
77871,-0.1298,-0.0503,-1.0024,-0.2800,-4.0600,0.5600
77914,-0.1298,-0.0517,-1.0024,-0.2800,-4.2000,0.7000
77957,-0.1283,-0.0512,-1.0004,-0.3500,-4.2000,0.4900
78000,-0.1283,-0.0508,-1.0028,-0.4200,-4.2700,0.7700
78043,-0.1283,-0.0512,-1.0014,-0.2100,-4.1300,0.6300
78086,-0.1288,-0.0503,-1.0028,-0.2100,-4.2700,0.4200
78129,-0.1269,-0.0508,-1.0009,-0.2100,-3.9900,0.4200
78172,-0.1303,-0.0512,-1.0028,0.2100,-3.9900,-0.0700
78215,-0.1318,-0.0508,-1.0028,-0.4900,-4.2000,0.6300
78258,-0.1303,-0.0512,-1.0028,-0.6300,-4.2000,0.7000
78301,-0.1308,-0.0512,-1.0014,-0.6300,-4.1300,0.7700
78345,-0.1298,-0.0532,-1.0038,-0.2100,-4.0600,0.6300
78388,-0.1279,-0.0517,-0.9999,-0.2800,-4.2000,0.7000
78431,-0.1303,-0.0517,-1.0014,-0.0700,-3.9900,0.5600
78474,-0.1288,-0.0512,-1.0028,-0.6300,-4.1300,0.7700
78517,-0.1298,-0.0503,-1.0024,-0.4200,-4.2000,0.6300
78560,-0.1283,-0.0517,-1.0004,-0.0700,-3.9900,0.5600
78603,-0.1279,-0.0512,-1.0009,-0.4200,-4.2000,0.8400
78646,-0.1274,-0.0512,-1.0009,-0.2800,-4.1300,0.6300
78689,-0.1298,-0.0512,-1.0014,-0.4900,-3.9200,0.4200
78732,-0.1288,-0.0508,-1.0004,-0.2800,-4.1300,0.7000
78775,-0.1293,-0.0512,-1.0043,-0.0700,-4.2000,0.6300
78818,-0.1288,-0.0512,-1.0024,-0.2800,-4.2700,0.7000
78861,-0.1293,-0.0527,-1.0014,-0.4200,-4.2000,0.6300
78904,-0.1279,-0.0527,-1.0024,-0.2100,-4.1300,0.5600
78947,-0.1288,-0.0517,-1.0019,-0.4900,-4.2700,0.6300
78990,-0.1288,-0.0532,-1.0019,-0.3500,-4.2000,0.6300
79033,-0.1293,-0.0508,-1.0038,-0.7000,-4.3400,0.5600
79076,-0.1274,-0.0498,-1.0028,-0.4200,-4.2000,0.7700
79119,-0.1293,-0.0508,-1.0033,-0.6300,-3.9900,0.5600
79162,-0.1288,-0.0517,-1.0043,-0.1400,-4.0600,0.4200
79206,-0.1283,-0.0508,-1.0038,-0.4200,-4.2700,0.6300
79249,-0.1298,-0.0508,-1.0019,-0.7000,-4.1300,0.6300
79291,-0.1288,-0.0517,-1.0028,-0.4200,-4.1300,0.5600
79334,-0.1293,-0.0512,-1.0024,-0.5600,-4.2000,0.5600
79378,-0.1298,-0.0488,-1.0043,-0.3500,-4.2700,0.5600
79422,-0.1283,-0.0488,-1.0024,-0.4900,-4.2000,0.5600
79465,-0.1293,-0.0517,-0.9999,-0.4900,-4.1300,0.6300
79508,-0.1313,-0.0508,-1.0014,-0.4200,-4.1300,0.4900
79552,-0.1279,-0.0508,-1.0019,-0.3500,-4.2700,0.7000
79596,-0.1288,-0.0512,-1.0019,-0.4900,-4.1300,0.7000
79640,-0.1298,-0.0508,-1.0028,-0.6300,-4.3400,0.7700
79683,-0.1283,-0.0503,-1.0028,-0.2800,-4.0600,0.7700
79726,-0.1283,-0.0498,-1.0038,-0.4200,-4.3400,0.6300
79769,-0.1279,-0.0483,-1.0024,-0.6300,-4.1300,0.8400
79813,-0.1283,-0.0493,-1.0024,-0.4200,-4.0600,0.4900
79856,-0.1283,-0.0488,-1.0024,-0.5600,-4.2700,0.6300
79899,-0.1288,-0.0522,-1.0014,-0.5600,-4.1300,0.7700
79943,-0.1279,-0.0508,-1.0043,-0.7000,-4.1300,0.7700
79986,-0.1293,-0.0488,-1.0024,-0.2800,-4.1300,0.7700
80029,-0.1259,-0.0503,-1.0019,-0.7000,-4.1300,0.8400
80072,-0.1288,-0.0498,-1.0038,-0.2800,-4.2000,0.6300
80116,-0.1293,-0.0503,-1.0019,-0.5600,-4.2000,0.6300
80160,-0.1293,-0.0493,-1.0028,-0.2800,-4.0600,0.8400
80203,-0.1288,-0.0508,-1.0024,-0.4200,-4.1300,0.6300
80246,-0.1288,-0.0493,-1.0028,-0.4900,-4.2000,0.6300
80289,-0.1279,-0.0503,-1.0028,-0.4200,-4.1300,0.7000
80332,-0.1308,-0.0503,-1.0028,-0.2100,-4.0600,0.7000
80375,-0.1293,-0.0503,-1.0038,-0.6300,-3.9900,0.7000
80418,-0.1274,-0.0493,-1.0024,-0.4900,-4.0600,0.5600
80461,-0.1283,-0.0508,-1.0033,-0.2100,-4.2000,0.6300
80504,-0.1288,-0.0517,-1.0024,-0.2800,-4.1300,0.7000
80547,-0.1293,-0.0503,-1.0024,-0.2800,-4.2000,0.4900
80590,-0.1283,-0.0503,-1.0043,-0.5600,-4.1300,0.6300
80634,-0.1293,-0.0498,-1.0043,-0.1400,-4.1300,0.5600
80678,-0.1283,-0.0483,-1.0033,-0.7700,-4.2700,0.8400
80721,-0.1298,-0.0503,-1.0033,-0.3500,-4.2000,0.7000
80764,-0.1298,-0.0508,-1.0028,-0.7700,-4.2700,0.7000
80807,-0.1274,-0.0503,-1.0028,-0.4200,-4.0600,0.5600
80850,-0.1293,-0.0508,-1.0028,-0.4200,-4.2700,0.7700
80894,-0.1283,-0.0493,-1.0033,-0.4900,-4.0600,0.6300
80937,-0.1303,-0.0503,-1.0028,-0.6300,-4.3400,0.6300
80981,-0.1259,-0.0503,-1.0028,-0.2100,-4.0600,0.6300
81024,-0.1293,-0.0503,-1.0004,-0.4200,-4.1300,0.6300
81068,-0.1279,-0.0508,-1.0038,-0.3500,-4.0600,0.7700
81111,-0.1279,-0.0508,-1.0014,-0.2100,-4.1300,0.6300
81154,-0.1264,-0.0503,-1.0048,-0.4900,-4.0600,0.7000
81198,-0.1264,-0.0498,-1.0019,-0.4900,-4.1300,1.0500
81241,-0.1274,-0.0503,-1.0014,-0.4900,-4.0600,0.6300
81284,-0.1283,-0.0493,-1.0033,0.0700,-4.2000,0.5600
81328,-0.1293,-0.0498,-1.0014,-0.7700,-4.0600,0.5600
81371,-0.1298,-0.0512,-1.0028,-0.3500,-4.2000,0.5600
81414,-0.1288,-0.0503,-1.0019,-0.2800,-4.0600,0.5600
81457,-0.1288,-0.0503,-1.0019,-0.5600,-4.3400,0.5600
81500,-0.1283,-0.0493,-1.0038,-0.3500,-4.2000,0.8400
81543,-0.1298,-0.0493,-1.0038,-0.7000,-4.2000,0.7700
81586,-0.1283,-0.0478,-1.0033,-0.5600,-4.2000,0.5600
81629,-0.1308,-0.0512,-1.0028,-0.1400,-4.1300,0.3500
81673,-0.1283,-0.0508,-1.0038,-0.0700,-4.2000,0.5600
81716,-0.1288,-0.0512,-1.0028,-0.3500,-4.1300,0.7000
81760,-0.1288,-0.0498,-1.0067,-0.4200,-4.2000,0.5600
81803,-0.1269,-0.0512,-1.0009,-0.2100,-4.0600,0.4900
81847,-0.1288,-0.0508,-1.0033,-0.4900,-4.2000,0.6300
81891,-0.1279,-0.0517,-1.0014,-0.1400,-4.0600,0.7700
81934,-0.1274,-0.0493,-1.0038,-0.6300,-4.1300,0.8400
81978,-0.1274,-0.0498,-1.0048,-0.2100,-4.1300,0.5600
82021,-0.1264,-0.0493,-1.0024,-0.2800,-4.2000,0.4900
82065,-0.1283,-0.0493,-0.9999,-0.4900,-4.3400,0.6300
82108,-0.1293,-0.0488,-1.0004,-0.4900,-4.2000,0.5600
82151,-0.1293,-0.0483,-1.0014,-0.5600,-4.0600,0.5600
82194,-0.1293,-0.0503,-1.0024,-0.1400,-4.1300,0.6300
82238,-0.1298,-0.0503,-1.0019,-0.2800,-4.2000,0.5600
82281,-0.1288,-0.0512,-1.0033,-0.3500,-4.1300,0.7700
82324,-0.1303,-0.0522,-0.9984,-0.0700,-4.2000,0.4900
82367,-0.1293,-0.0508,-1.0014,-0.4900,-4.2000,0.6300
82410,-0.1308,-0.0493,-1.0019,0.0000,-4.2000,0.7000
82453,-0.1279,-0.0488,-1.0024,-0.5600,-4.0600,0.5600
82496,-0.1264,-0.0488,-1.0033,-0.3500,-4.0600,0.7000
82539,-0.1298,-0.0483,-1.0028,-0.7700,-4.1300,0.5600
82582,-0.1279,-0.0488,-1.0028,-0.4200,-4.2700,0.5600
82625,-0.1288,-0.0508,-1.0024,-0.4200,-4.2000,0.8400
82668,-0.1293,-0.0483,-1.0009,-0.2800,-4.1300,0.5600
82711,-0.1293,-0.0498,-0.9999,-0.6300,-3.9900,0.9100
82755,-0.1288,-0.0498,-1.0014,-0.2800,-4.1300,0.6300
82798,-0.1288,-0.0498,-1.0009,-0.3500,-4.1300,0.5600
82841,-0.1298,-0.0473,-1.0024,-0.7700,-4.1300,0.7700
82884,-0.1283,-0.0488,-1.0043,-0.1400,-4.1300,0.6300
82927,-0.1293,-0.0498,-1.0024,-0.3500,-4.1300,0.5600
82970,-0.1279,-0.0503,-1.0019,-0.2800,-4.2000,0.7700
83013,-0.1283,-0.0498,-0.9999,-0.6300,-4.1300,0.7700
83056,-0.1279,-0.0488,-1.0043,-0.2800,-4.2000,0.5600
83100,-0.1298,-0.0512,-1.0048,-0.4200,-4.1300,0.7700
83143,-0.1283,-0.0483,-0.9999,-0.3500,-4.2000,0.6300
83186,-0.1279,-0.0473,-1.0028,-0.5600,-4.2000,0.7000
83230,-0.1279,-0.0488,-1.0024,-0.2800,-4.1300,0.4900
83273,-0.1293,-0.0473,-1.0043,-0.1400,-4.1300,0.7000
83317,-0.1283,-0.0508,-1.0024,-0.3500,-4.1300,0.7700
83360,-0.1288,-0.0503,-1.0024,-0.5600,-4.2000,0.5600
83404,-0.1288,-0.0488,-1.0014,-0.4900,-4.2000,0.8400
83447,-0.1288,-0.0473,-0.9999,-0.2800,-4.1300,0.5600
83490,-0.1264,-0.0478,-1.0004,-0.3500,-4.1300,0.4900
83533,-0.1298,-0.0498,-1.0014,-0.3500,-4.1300,0.6300
83576,-0.1283,-0.0488,-1.0038,-0.4200,-4.4100,0.7700
83619,-0.1293,-0.0512,-1.0004,-0.3500,-4.1300,0.3500
83663,-0.1274,-0.0493,-0.9994,-0.4900,-4.1300,0.5600
83706,-0.1269,-0.0478,-1.0009,-0.2800,-4.1300,0.6300
83749,-0.1283,-0.0498,-1.0043,-0.0700,-4.2000,0.4200
83791,-0.1259,-0.0498,-1.0024,-0.2800,-4.0600,0.7700
83835,-0.1288,-0.0517,-1.0033,-0.1400,-4.1300,0.5600
83878,-0.1298,-0.0498,-1.0043,-0.3500,-4.1300,0.8400
83921,-0.1288,-0.0503,-1.0028,-0.2800,-4.0600,0.7000
83964,-0.1283,-0.0488,-1.0043,-0.0700,-4.1300,0.5600
84007,-0.1298,-0.0483,-1.0024,-0.2800,-4.2000,0.7000
84050,-0.1293,-0.0488,-1.0048,-0.3500,-4.1300,0.7000
84093,-0.1293,-0.0498,-1.0048,-0.3500,-4.2700,0.7000
84137,-0.1259,-0.0503,-1.0024,-0.2800,-4.1300,0.9100
84180,-0.1293,-0.0483,-1.0038,-0.4900,-4.2000,0.5600
84223,-0.1293,-0.0488,-1.0033,-0.4200,-4.0600,0.7700
84266,-0.1288,-0.0493,-1.0024,-0.7000,-4.1300,0.7000
84309,-0.1298,-0.0464,-1.0024,-0.5600,-4.1300,0.7000
84352,-0.1269,-0.0493,-1.0019,-0.2100,-4.1300,0.5600
84396,-0.1259,-0.0498,-0.9994,-0.3500,-4.2700,0.7700
84439,-0.1288,-0.0473,-1.0019,-0.5600,-4.0600,0.8400
84483,-0.1293,-0.0478,-1.0009,-0.3500,-4.1300,0.6300
84526,-0.1283,-0.0493,-1.0019,-0.4900,-4.1300,0.7700
84569,-0.1279,-0.0488,-1.0058,-0.3500,-4.2000,0.4900
84612,-0.1269,-0.0503,-1.0024,-0.2100,-4.1300,0.4900
84655,-0.1283,-0.0493,-1.0019,-0.2100,-4.1300,0.7700
84698,-0.1264,-0.0488,-1.0033,-0.4200,-4.1300,0.5600
84741,-0.1293,-0.0512,-1.0019,-0.5600,-4.0600,0.4900
84784,-0.1308,-0.0478,-1.0048,-0.3500,-4.0600,0.7000
84827,-0.1279,-0.0493,-1.0019,-0.3500,-4.1300,0.4900
84870,-0.1293,-0.0488,-1.0019,-0.5600,-4.2000,0.5600
84913,-0.1274,-0.0498,-1.0043,-0.4900,-4.2700,0.6300
84957,-0.1293,-0.0493,-1.0019,-0.3500,-4.2000,0.7000
85000,-0.1274,-0.0498,-1.0028,-0.4900,-4.2000,0.6300
85042,-0.1279,-0.0503,-1.0028,-0.1400,-4.0600,0.5600
85085,-0.1288,-0.0483,-1.0038,-0.4200,-4.2700,0.7000
85128,-0.1259,-0.0488,-1.0033,-0.3500,-4.1300,0.4200
85172,-0.1293,-0.0488,-1.0048,-0.4200,-3.9900,0.7000
85215,-0.1269,-0.0483,-1.0009,-0.0700,-4.1300,0.5600
85259,-0.1279,-0.0473,-1.0033,-0.5600,-4.2000,0.7700
85302,-0.1264,-0.0473,-1.0033,-0.4900,-4.0600,0.7700
85345,-0.1279,-0.0468,-1.0028,-0.2100,-4.1300,0.6300
85388,-0.1293,-0.0468,-1.0019,-0.3500,-4.0600,0.6300
85431,-0.1279,-0.0493,-1.0033,-0.0700,-4.1300,0.4200
85474,-0.1288,-0.0488,-1.0014,-0.4200,-4.0600,0.7700
85517,-0.1283,-0.0473,-1.0043,-0.4900,-4.2000,0.6300
85560,-0.1298,-0.0498,-1.0038,-0.4900,-4.2000,0.8400
85603,-0.1269,-0.0508,-1.0028,-0.2800,-4.2000,0.6300
85647,-0.1293,-0.0493,-1.0024,-0.2100,-4.1300,0.6300
85690,-0.1283,-0.0512,-1.0033,0.0000,-4.2000,0.5600
85733,-0.1269,-0.0478,-1.0038,-0.3500,-4.1300,0.7000
85776,-0.1288,-0.0488,-1.0024,-0.6300,-4.1300,0.7000
85819,-0.1293,-0.0473,-1.0028,-0.1400,-4.0600,0.6300
85862,-0.1293,-0.0488,-1.0033,0.0000,-4.1300,0.5600
85905,-0.1274,-0.0483,-1.0043,-0.3500,-4.3400,0.7700
85948,-0.1279,-0.0498,-1.0033,-0.0700,-4.2000,0.7000
85991,-0.1274,-0.0478,-1.0043,-0.6300,-4.2000,0.5600
86034,-0.1264,-0.0508,-1.0033,-0.0700,-4.0600,0.7000
86078,-0.1298,-0.0498,-1.0033,-0.4200,-4.2000,0.7000
86121,-0.1288,-0.0483,-1.0014,-0.4900,-3.9900,0.6300
86165,-0.1279,-0.0498,-1.0038,-0.4900,-4.1300,0.7000
86208,-0.1279,-0.0498,-1.0014,-0.2800,-4.3400,0.6300
86251,-0.1279,-0.0493,-1.0009,-0.4900,-4.1300,0.7700
86294,-0.1269,-0.0493,-1.0019,-0.2800,-4.1300,0.4900
86337,-0.1264,-0.0508,-1.0009,-0.2800,-4.2000,0.6300
86381,-0.1288,-0.0493,-1.0019,-0.2800,-4.3400,0.6300
86425,-0.1279,-0.0493,-1.0038,-0.5600,-4.2000,0.7700
86468,-0.1283,-0.0488,-1.0009,-0.3500,-4.0600,0.7000
86511,-0.1269,-0.0512,-1.0019,-0.6300,-4.2700,0.7000
86555,-0.1269,-0.0508,-1.0014,-0.2100,-4.2000,0.6300
86599,-0.1283,-0.0522,-1.0048,-0.3500,-4.1300,0.7000
86642,-0.1293,-0.0522,-0.9999,-0.2800,-4.2000,0.7000
86685,-0.1269,-0.0493,-1.0038,-0.4200,-4.4100,0.6300
86728,-0.1298,-0.0522,-1.0009,-0.4900,-4.2700,0.8400
86771,-0.1264,-0.0498,-1.0028,-0.2800,-4.1300,0.6300
86814,-0.1283,-0.0508,-1.0019,-0.3500,-4.2000,0.7700
86857,-0.1283,-0.0503,-1.0014,-0.4900,-4.0600,0.7000
86900,-0.1283,-0.0493,-1.0009,-0.3500,-4.3400,0.7000
86943,-0.1293,-0.0488,-1.0038,-0.4200,-4.2000,0.6300
86986,-0.1288,-0.0503,-1.0028,-0.2100,-4.0600,0.6300
87029,-0.1293,-0.0498,-1.0033,-0.5600,-4.2700,0.8400
87073,-0.1269,-0.0503,-1.0048,-0.4200,-4.1300,0.5600
87117,-0.1274,-0.0508,-1.0019,-0.2100,-4.1300,0.4900
87160,-0.1274,-0.0522,-1.0043,-0.7000,-4.1300,0.7000
87203,-0.1269,-0.0493,-1.0019,-0.2100,-4.1300,0.6300
87247,-0.1279,-0.0488,-1.0014,-0.4200,-4.1300,0.5600
87291,-0.1274,-0.0508,-1.0019,-0.5600,-4.1300,0.6300
87333,-0.1269,-0.0498,-1.0019,-0.4900,-4.2700,0.5600
87376,-0.1274,-0.0483,-1.0033,-0.4200,-4.2000,0.7000
87419,-0.1303,-0.0498,-1.0033,-0.2100,-4.0600,0.7000
87462,-0.1269,-0.0493,-1.0019,-0.2100,-4.2000,0.5600
87505,-0.1283,-0.0512,-1.0024,-0.5600,-4.0600,0.7000
87548,-0.1269,-0.0493,-1.0028,-0.4900,-4.2000,0.9100
87591,-0.1288,-0.0493,-1.0028,-0.4200,-4.1300,0.6300
87634,-0.1293,-0.0498,-1.0033,-0.4200,-4.2000,0.7700
87677,-0.1269,-0.0493,-1.0033,-0.4900,-4.0600,0.7000
87720,-0.1308,-0.0493,-1.0014,-0.2800,-4.1300,0.7700
87763,-0.1288,-0.0498,-1.0038,-0.4200,-4.1300,0.7000
87806,-0.1293,-0.0478,-1.0004,-0.2800,-4.0600,0.3500
87849,-0.1288,-0.0488,-1.0014,-0.5600,-4.2000,0.8400
87893,-0.1283,-0.0493,-1.0033,-0.0700,-4.0600,0.4200
87937,-0.1283,-0.0512,-1.0043,-0.2100,-4.0600,0.5600
87980,-0.1293,-0.0508,-1.0028,-0.4900,-4.0600,0.7000
88023,-0.1269,-0.0473,-1.0033,-0.5600,-4.2000,0.9100
88066,-0.1283,-0.0508,-1.0009,-0.3500,-4.0600,0.5600
88110,-0.1279,-0.0488,-1.0024,-0.2800,-4.0600,0.4900
88154,-0.1274,-0.0503,-1.0004,-0.4200,-4.0600,0.6300
88197,-0.1264,-0.0508,-1.0038,-0.3500,-4.1300,0.6300
88240,-0.1279,-0.0512,-1.0033,-0.4900,-4.2000,0.8400
88283,-0.1274,-0.0498,-1.0024,-0.4200,-4.0600,0.5600
88326,-0.1288,-0.0508,-1.0014,-0.0700,-4.2000,0.4900
88369,-0.1279,-0.0483,-1.0028,-0.6300,-4.1300,0.6300
88412,-0.1293,-0.0493,-1.0033,-0.3500,-4.1300,0.7000
88455,-0.1279,-0.0503,-1.0004,-0.3500,-4.2000,0.7000
88498,-0.1279,-0.0517,-1.0028,-0.5600,-4.2700,0.9100
88541,-0.1283,-0.0503,-1.0024,-0.4200,-4.2000,0.6300
88583,-0.1254,-0.0517,-1.0043,-0.5600,-4.1300,0.7000
88627,-0.1298,-0.0517,-1.0019,-0.4900,-4.1300,0.5600
88670,-0.1279,-0.0512,-1.0033,-0.1400,-4.0600,0.6300
88713,-0.1279,-0.0493,-1.0019,-0.1400,-3.9900,0.6300
88757,-0.1288,-0.0488,-1.0019,-0.1400,-4.1300,0.4900
88800,-0.1288,-0.0498,-1.0033,-0.2100,-4.0600,0.5600
88843,-0.1269,-0.0503,-1.0009,-0.3500,-4.1300,0.6300
88886,-0.1288,-0.0488,-1.0024,-0.2800,-4.0600,0.5600
88929,-0.1264,-0.0488,-1.0024,-0.3500,-4.2000,0.7700
88972,-0.1288,-0.0508,-1.0024,-0.2100,-4.1300,0.4900
89015,-0.1274,-0.0503,-1.0019,-0.5600,-4.2000,0.6300
89058,-0.1293,-0.0483,-1.0043,-0.4200,-4.1300,0.7700
89101,-0.1288,-0.0503,-1.0024,-0.4200,-4.2000,0.8400
89144,-0.1269,-0.0493,-1.0009,-0.1400,-4.1300,0.6300
89187,-0.1283,-0.0488,-1.0038,-0.2800,-4.0600,0.8400
89230,-0.1303,-0.0508,-1.0004,-0.2100,-4.1300,0.6300
89273,-0.1269,-0.0493,-1.0038,-0.2100,-4.1300,0.4900
89316,-0.1279,-0.0498,-1.0014,-0.5600,-4.2700,0.7000
89360,-0.1279,-0.0503,-0.9999,-0.4900,-4.1300,0.6300
89403,-0.1269,-0.0517,-1.0038,-0.4900,-4.1300,0.7700
89447,-0.1298,-0.0508,-1.0019,0.0000,-4.0600,0.4900
89490,-0.1288,-0.0517,-1.0024,-0.4900,-4.1300,0.7700
89533,-0.1298,-0.0498,-1.0028,-0.4200,-3.9900,0.8400
89576,-0.1288,-0.0493,-1.0028,-0.4200,-4.1300,0.5600
89619,-0.1283,-0.0503,-1.0024,-0.4200,-4.2700,0.5600
89662,-0.1303,-0.0493,-1.0024,-0.5600,-4.0600,0.8400
89705,-0.1283,-0.0508,-1.0019,-0.4200,-3.9900,0.9100
89748,-0.1259,-0.0473,-1.0014,-0.2100,-4.1300,0.4200
89791,-0.1293,-0.0483,-1.0024,-0.0700,-4.2000,0.4900
89833,-0.1293,-0.0493,-1.0014,-0.4200,-4.1300,0.7000
89877,-0.1293,-0.0498,-1.0024,-0.2800,-4.0600,0.5600
89921,-0.1274,-0.0473,-1.0048,-0.6300,-4.2000,0.6300
89964,-0.1274,-0.0503,-1.0033,-0.2100,-4.1300,0.6300
90007,-0.1274,-0.0498,-1.0024,-0.4900,-4.1300,0.9800
90050,-0.1279,-0.0498,-1.0024,-0.3500,-4.2700,0.7700
90094,-0.1279,-0.0488,-1.0019,-0.2100,-4.2000,0.7000
90137,-0.1283,-0.0498,-1.0024,-0.2800,-4.0600,0.7000
90180,-0.1279,-0.0503,-1.0028,-0.0700,-4.1300,0.5600
90223,-0.1269,-0.0517,-1.0004,-0.4200,-4.2700,0.5600
90266,-0.1288,-0.0468,-1.0053,-0.3500,-4.1300,0.7000
90309,-0.1269,-0.0508,-1.1229,-0.3500,-3.9200,0.7700
90352,-0.1244,-0.0527,-1.0019,-0.4200,-4.1300,0.7000
90395,-0.1293,-0.0512,-0.9999,-0.3500,-4.2700,0.6300
90438,-0.1313,-0.0464,-1.0019,-0.5600,-4.0600,0.4900
90481,-0.1293,-0.0498,-0.9984,-0.4200,-4.1300,0.6300
90524,-0.1288,-0.0488,-1.0033,-0.6300,-4.2000,0.7700
90567,-0.1318,-0.0503,-1.0048,-0.3500,-4.2700,0.7700
90610,-0.1293,-0.0478,-1.0019,-0.2800,-4.2700,0.4900
90653,-0.1293,-0.0478,-1.0019,-0.2800,-4.2700,0.7700
90696,-0.1244,-0.0503,-1.0058,-0.4900,-4.2700,0.6300
90739,-0.1283,-0.0493,-1.0038,-0.3500,-4.0600,0.7000
90782,-0.1298,-0.0508,-1.0053,-0.2800,-4.2700,0.4900
90825,-0.1274,-0.0493,-1.0053,-0.3500,-4.1300,0.6300
90868,-0.1230,-0.0522,-0.9970,-0.0700,-3.9900,0.5600
90911,-0.1298,-0.0478,-1.0004,-0.3500,-4.1300,0.7000
90954,-0.1283,-0.0498,-1.0053,-0.2800,-3.9900,0.7700
90997,-0.1279,-0.0478,-1.0019,-0.2100,-4.1300,0.5600
91040,-0.1288,-0.0498,-1.0019,-0.6300,-4.0600,0.6300
91083,-0.1264,-0.0483,-0.9999,-0.2800,-4.0600,0.7000
91126,-0.1293,-0.0478,-1.0024,-0.5600,-4.2000,0.9100
91169,-0.1264,-0.0488,-1.0028,-0.0700,-3.9900,0.5600
91212,-0.1288,-0.0498,-1.0019,-0.3500,-4.2000,0.4900
91255,-0.1274,-0.0503,-1.0019,-0.2100,-4.1300,0.6300
91298,-0.1283,-0.0488,-1.0038,-0.2100,-4.1300,0.7700
91341,-0.1254,-0.0493,-0.9994,-0.4900,-4.2700,0.8400
91384,-0.1279,-0.0498,-1.0033,-0.2800,-4.1300,0.7700
91427,-0.1288,-0.0512,-1.0014,-0.4900,-4.2000,0.5600
91471,-0.1274,-0.0488,-1.0014,-0.3500,-4.0600,0.8400
91514,-0.1298,-0.0503,-1.0033,-0.1400,-4.1300,0.5600
91557,-0.1279,-0.0473,-1.0014,-0.2800,-4.0600,0.7000
91600,-0.1293,-0.0478,-1.0024,-0.6300,-4.2700,0.6300
91643,-0.1264,-0.0498,-1.0019,-0.4200,-4.0600,0.7000
91686,-0.1274,-0.0483,-1.0019,-0.4900,-4.2000,0.5600
91729,-0.1303,-0.0522,-1.0043,-0.3500,-4.2000,0.4900
91772,-0.1274,-0.0488,-1.0019,-0.3500,-3.9200,0.5600
91816,-0.1288,-0.0493,-1.0038,-0.2800,-4.0600,0.7000
91859,-0.1288,-0.0498,-1.0028,-0.4200,-4.2700,0.7000
91903,-0.1293,-0.0498,-1.0033,-0.2800,-4.2000,0.5600
91946,-0.1269,-0.0512,-1.0028,-0.5600,-4.2000,0.6300
91989,-0.1274,-0.0493,-1.0033,-0.7700,-4.3400,0.5600
92032,-0.1293,-0.0508,-1.0024,-0.4200,-4.3400,0.4900
92075,-0.1283,-0.0488,-1.0063,-0.6300,-4.0600,0.6300
92118,-0.1249,-0.0478,-1.0024,-0.4200,-4.1300,0.7000
92161,-0.1274,-0.0483,-1.0033,-0.4200,-4.1300,0.7000
92204,-0.1274,-0.0498,-1.0028,-0.3500,-4.1300,0.4200
92247,-0.1298,-0.0468,-1.0033,-0.4900,-3.9900,0.7700
92291,-0.1279,-0.0493,-1.0028,-0.2100,-4.1300,0.7000
92334,-0.1283,-0.0488,-1.0019,-0.4900,-4.2000,0.7000
92377,-0.1288,-0.0493,-1.0009,-0.4200,-4.2000,0.8400
92420,-0.1288,-0.0464,-0.9994,-0.4900,-4.1300,0.7000
92463,-0.1264,-0.0473,-1.0033,-0.2100,-4.2700,0.6300
92506,-0.1279,-0.0498,-1.0033,-0.2800,-4.2000,0.6300
92549,-0.1279,-0.0483,-1.0014,-0.7000,-4.2700,0.8400
92593,-0.1283,-0.0483,-1.0024,-0.3500,-4.2000,0.7700
92636,-0.1279,-0.0473,-1.0028,-0.7000,-4.2700,0.6300
92679,-0.1279,-0.0532,-1.0038,-0.3500,-4.1300,0.6300
92722,-0.1283,-0.0488,-1.0028,-0.4900,-4.2000,0.7000
92766,-0.1259,-0.0493,-1.0028,-0.4200,-4.2000,0.7700
92809,-0.1274,-0.0503,-1.0033,-0.1400,-4.1300,0.6300
92852,-0.1293,-0.0483,-1.0019,-0.2100,-4.1300,0.4900
92895,-0.1274,-0.0503,-1.0053,-0.6300,-4.0600,0.6300
92938,-0.1288,-0.0493,-1.0024,-0.3500,-4.1300,0.6300
92981,-0.1288,-0.0488,-1.0033,-0.6300,-4.0600,0.7000
93024,-0.1288,-0.0488,-1.0043,-0.6300,-4.1300,0.7700
93068,-0.1293,-0.0478,-1.0024,-0.4900,-4.0600,0.7000
93112,-0.1283,-0.0493,-1.0009,-0.4900,-4.2000,0.5600
93156,-0.1298,-0.0498,-1.0028,-0.2800,-4.0600,0.7700
93199,-0.1259,-0.0493,-1.0038,-0.3500,-4.1300,0.5600
93242,-0.1293,-0.0483,-1.0019,-0.3500,-4.2700,0.4900
93286,-0.1283,-0.0478,-1.0058,-0.3500,-4.1300,0.6300
93329,-0.1308,-0.0493,-1.0038,-0.2800,-4.2000,0.6300
93372,-0.1293,-0.0483,-1.0014,-0.0700,-4.1300,0.6300
93415,-0.1269,-0.0483,-1.0033,-0.2100,-4.1300,0.5600
93458,-0.1308,-0.0493,-0.9989,-0.2800,-4.2000,0.7700
93501,-0.1279,-0.0483,-1.0024,-0.2800,-4.0600,0.5600
